Name,Endangerment,Speakers,Latitude,Longitude,CountriesCount,Countries
South Italian,Vulnerable,7500000,40.9798,15.249,1,Italy
Sicilian,Vulnerable,5000000,37.4399,14.5019,1,Italy
Low Saxon,Vulnerable,4800000,53.4029,10.3601,5,"Germany, Denmark, Netherlands, Poland, Russian Federation"
Belarusian,Vulnerable,4000000,53.956,27.5756,6,"Belarus, Latvia, Lithuania, Poland, Russian Federation, Ukraine"
Lombard,Definitely endangered,3500000,45.7215,9.3273,2,"Italy, Switzerland"
Yiddish (Israel),Definitely endangered,3000000,32.0833,34.8333,1,Israel
Gondi,Vulnerable,2713790,19.5804,80.4418,1,India
Limburgian-Ripuarian,Vulnerable,2600000,50.7781,6.0864,3,"Germany, Belgium, Netherlands"
Quechua of Southern Bolivia,Vulnerable,2300000,-18.0675,-65.7641,1,Bolivia (Plurinational State of)
Kumaoni,Vulnerable,2003783,29.4778,79.8486,2,"India, Nepal"
Aymara,Vulnerable,2000000,-16.5835,-68.302,3,"Bolivia (Plurinational State of), Chile, Peru"
Emilian-Romagnol,Definitely endangered,2000000,44.127,12.0739,2,"Italy, San Marino"
Piedmontese,Definitely endangered,2000000,45.2013,7.8662,1,Italy
Venetan,Vulnerable,2000000,45.4601,12.1948,3,"Croatia, Italy, Slovenia"
Zazaki,Vulnerable,2000000,38.8824,40.4846,1,Turkey
Kurux (India),Vulnerable,1751489,22.1467,85.2758,1,India
Tamajeq,Vulnerable,1750000,17.2352,8.0859,1,Niger
Tulu,Vulnerable,1722768,12.0178,75.7067,1,India
Kangdi,Definitely endangered,1700000,32.4356,76.1242,1,India
Scots,Vulnerable,1500000,56.2189,-3.7683,1,United Kingdom of Great Britain and Northern Ireland
Torlak,Vulnerable,1500000,42.9644,22.1374,5,"Albania, Bulgaria, The former Yugoslav Republic of Macedonia, Romania, Serbia"
West Flemish,Vulnerable,1500000,51.0275,3.0541,3,"Belgium, France, Netherlands"
Bashkir,Vulnerable,1379727,54.7309,55.9863,1,Russian Federation
Chechen,Vulnerable,1331844,43.1971,45.7031,1,Russian Federation
Chuvash,Vulnerable,1325382,56.1394,47.2412,1,Russian Federation
Meithei,Vulnerable,1250000,24.7667,93.8946,1,India
Tamang,Vulnerable,1196639,27.7365,85.6858,2,"India, Nepal"
Quechua of Cuzco,Vulnerable,1115000,-13.4537,-72.0098,1,Peru
Eastern Slovak,Vulnerable,1000000,48.8068,21.7968,2,"Slovakia, Ukraine"
Ligurian,Definitely endangered,1000000,44.5748,8.7011,3,"France, Italy, Monaco"
Rusyn,Vulnerable,1000000,48.4437,22.9394,5,"Hungary, Poland, Romania, Slovakia, Ukraine"
Talysh,Vulnerable,1000000,38.814,48.6804,2,"Azerbaijan, Iran (Islamic Republic of)"
Kui,Vulnerable,916222,19.5908,83.9575,1,India
Khasi,Vulnerable,912000,25.691,91.8676,1,India
Bodo,Vulnerable,900000,26.7554,92.8674,1,India
Campidanese,Definitely endangered,900000,39.2991,8.9868,1,Italy
K'iche' (Guatemala),Vulnerable,890596,15.0309,-91.1485,1,Guatemala
Quechua of Ayacucho,Definitely endangered,850000,-13.1276,-74.2071,1,Peru
Newar,Definitely endangered,825458,27.6981,85.3198,1,Nepal
Mon,Vulnerable,800000,16.4666,97.7833,2,"Myanmar, Thailand"
Tamaceq,Definitely endangered,800000,16.7992,-3.0102,1,Mali
Avar,Vulnerable,784840,42.4801,46.8017,1,Russian Federation
Mundari,Vulnerable,750000,22.3297,86.0449,1,India
Welsh,Vulnerable,750000,52.4459,-3.5485,1,United Kingdom of Great Britain and Northern Ireland
Angika,Vulnerable,740892,24.7451,85.3124,2,"India, Nepal"
Q'eqchi' (Guatemala),Vulnerable,716101,15.4707,-90.3722,1,Guatemala
Picard,Severely endangered,700000,50.2331,2.7905,2,"Belgium, France"
Kokborok,Vulnerable,695000,23.7752,91.6918,2,"Bangladesh, India"
Basque,Vulnerable,660000,43.133,-2.0764,2,"Spain, France"
Kabard-Cherkes,Vulnerable,650000,43.7393,43.4289,2,"Russian Federation, Turkey"
Mandeali,Definitely endangered,611930,31.4099,76.9921,1,India
Friulian,Definitely endangered,600000,46.1037,13.1396,1,Italy
Quechua of Ancash and Huánuco,Definitely endangered,600000,-9.4598,-77.1789,1,Peru
Walloon,Definitely endangered,600000,50.4575,4.8559,3,"Belgium, France, Luxembourg"
Mising,Definitely endangered,550000,26.9612,94.0539,1,India
Ossete,Vulnerable,550000,42.9564,44.4946,2,"Georgia, Russian Federation"
Mizo,Vulnerable,529000,22.9988,92.9223,1,India
Dargwa,Vulnerable,503523,42.1145,47.4938,1,Russian Federation
Aromanian,Definitely endangered,500000,40.2292,21.1376,5,"Albania, Bulgaria, Greece, The former Yugoslav Republic of Macedonia, Serbia"
Brahui,Vulnerable,500000,29.0369,66.5826,3,"Iran (Islamic Republic of), Pakistan, Afghanistan"
Languedocian,Severely endangered,500000,43.8899,2.5378,1,France
Lezgian,Vulnerable,500000,41.4921,48.0541,2,"Azerbaijan, Russian Federation"
Mahasui,Definitely endangered,496024,31.2738,77.1295,1,India
Magar,Definitely endangered,489383,28.0816,83.4301,1,Nepal
Udmurt,Definitely endangered,463837,57.2315,52.8662,1,Russian Federation
Huasteca Náhuatl,Vulnerable,463183,21.3835,-98.9902,1,Mexico
Kumyk,Vulnerable,458121,43.397,46.9775,1,Russian Federation
Yakut,Vulnerable,456288,62.3496,130.8691,1,Russian Federation
Karbi,Vulnerable,420000,26.2934,93.2299,1,India
Eastern Mari,Definitely endangered,414211,56.632,47.8784,1,Russian Federation
Ingush,Vulnerable,405343,43.145,45.1043,1,Russian Federation
Erzya,Definitely endangered,400000,54.1302,45.4394,1,Russian Federation
Ho,Vulnerable,400000,21.637,86.4404,1,India
Judezmo (Israel),Severely endangered,400000,32.0872,34.7737,1,Israel
Lalo,Vulnerable,400000,25.383,99.9426,1,China
Limousin,Severely endangered,400000,46.0579,1.8017,1,France
Logudorese,Definitely endangered,400000,40.1116,9.1845,1,Italy
Mapuche (Chile),Definitely endangered,400000,-38.5653,-73.081,1,Chile
Central Náhuatl,Vulnerable,395581,19.191,-99.0236,1,Mexico
Moselle Franconian,Vulnerable,390000,49.6071,6.1248,4,"Germany, Belgium, France, Luxembourg"
Bantawa,Vulnerable,371056,27.0994,87.0048,1,Nepal
Santa,Vulnerable,360000,35.5411,102.7935,1,China
Mingrelian,Definitely endangered,350000,42.4599,41.7205,1,Georgia
West Frisian,Vulnerable,350000,53.1006,5.6579,1,Netherlands
Gurung,Definitely endangered,338925,28.275,84.1782,1,Nepal
Guajiro,Vulnerable,318500,11.8673,-71.9824,2,"Colombia, Venezuela (Bolivarian Republic of)"
Karachay-Balkar,Vulnerable,302748,44.2137,42.8466,1,Russian Federation
Adyge,Vulnerable,300000,44.9181,39.7485,7,"Iraq, Israel, Jordan, The former Yugoslav Republic of Macedonia, Russian Federation, Syrian Arab Republic, Turkey"
Buryat (Trans-Baikal),Definitely endangered,300000,50.8336,109.5117,1,Russian Federation
Kurru,Definitely endangered,300000,16.6151,81.6284,1,India
Kuvi,Definitely endangered,300000,18.9478,83.5839,1,India
Limbu,Definitely endangered,300000,27.096,87.7356,2,"India, Nepal"
Moroccan Judeo-Arabic (Israel),Definitely endangered,300000,32.0476,34.7552,1,Israel
Plautdietsch,Definitely endangered,300000,47.0738,35.5545,1,Ukraine
Pontic Greek,Definitely endangered,300000,40.847,40.0149,6,"Armenia, Georgia, Greece, Russian Federation, Turkey, Ukraine"
"Quichua (Cotopaxi, Tungurahua and Chimborazo)",Definitely endangered,300000,-1.8673,-78.9257,1,Ecuador
Waxiang,Vulnerable,300000,28.5652,110.3576,1,China
Oyrat,Definitely endangered,280000,46.195,88.7255,3,"China, Kyrgyzstan, Mongolia"
Garhwali,Vulnerable,279500,30.0976,79.1235,1,India
Bade,Vulnerable,250000,12.801,11.1181,1,Nigeria
Breton,Severely endangered,250000,48.2246,-3.9331,1,France
Gascon,Definitely endangered,250000,43.1811,-0.1428,2,"Spain, France"
Phula (China),Vulnerable,250000,22.6001,104.0004,1,China
Sora,Vulnerable,250000,19.1244,83.2104,1,India
Konyak,Vulnerable,248000,26.9367,95.1745,1,India
Ao,Vulnerable,243000,26.4361,94.6472,1,India
Tuvan,Vulnerable,242754,51.7134,94.3945,3,"China, Mongolia, Russian Federation"
Nafusi,Severely endangered,240000,32.6393,13.4252,1,Libyan Arab Jamahiriya
Suret,Definitely endangered,240000,36.4477,43.2971,5,"Armenia, Iran (Islamic Republic of), Iraq, Syrian Arab Republic, Turkey"
Malto,Definitely endangered,224926,23.7853,85.4736,1,India
Khowar,Vulnerable,222800,35.8667,71.7956,1,Pakistan
Maiya,Vulnerable,220000,35.3151,72.908,1,Pakistan
Komi,Definitely endangered,217316,62.3087,51.5917,1,Russian Federation
Alpine Provençal,Definitely endangered,200000,44.7467,6.6796,2,"France, Italy"
Gallo,Severely endangered,200000,47.931,-2.0544,1,France
Gera,Vulnerable,200000,10.5553,10.0579,1,Nigeria
Irula,Vulnerable,200000,11.4369,76.5032,1,India
Kharia,Vulnerable,200000,21.8003,85.4956,1,India
Khorasani Turk,Vulnerable,200000,36.6596,57.854,1,Iran (Islamic Republic of)
Korku,Vulnerable,200000,20.3034,80.2441,1,India
Moksha,Definitely endangered,200000,54.1817,43.2751,1,Russian Federation
Western Armenian (Middle East),Definitely endangered,200000,33.884,35.5133,3,"Iraq, Lebanon, Syrian Arab Republic"
Western Cham,Vulnerable,200000,12.0333,105.4333,1,Cambodia
Tshangla,Vulnerable,193000,27.1275,91.9335,3,"Bhutan, China, India"
Thado,Vulnerable,191000,24.4521,93.2354,1,India
Gagauz (Bessarabia),Definitely endangered,180000,46.0922,28.7951,2,"Republic of Moldova, Ukraine"
Kului,Definitely endangered,170770,31.4403,77.1487,1,India
Adi,Vulnerable,170000,28.3527,95.2294,2,"China, India"
Lhota,Vulnerable,170000,26.1603,94.3725,1,India
Nyishi,Vulnerable,170000,27.5277,93.0981,1,India
Ngäbere (Panama),Vulnerable,169130,9.3395,-82.2428,1,Panama
Kodagu,Definitely endangered,166187,11.6952,75.9375,1,India
Corsican,Definitely endangered,160000,42.0819,9.0307,2,"France, Italy"
Dzongkha,Vulnerable,160000,27.44,89.6731,1,Bhutan
Kalmyk,Definitely endangered,153602,46.2026,45.8239,1,Russian Federation
Lak,Vulnerable,153373,42.0125,47.2521,1,Russian Federation
Asturian-Leonese,Definitely endangered,150000,42.7954,-5.6689,2,"Spain, Portugal"
Latgalian,Vulnerable,150000,56.1822,27.1362,2,"Latvia, Russian Federation"
Provençal,Severely endangered,150000,43.5485,6.1083,1,France
Rabha,Vulnerable,150000,25.9284,90.9777,1,India
Tamzabit,Vulnerable,150000,32.4816,3.6694,1,Algeria
Sherpa,Vulnerable,143693,27.739,86.839,3,"China, India, Nepal"
Tangkhul,Vulnerable,142000,25.0358,94.4824,1,India
Badaga,Definitely endangered,134514,11.3642,76.5266,1,India
Angami,Vulnerable,132000,25.7553,94.1308,1,India
Laz,Definitely endangered,130000,41.2736,41.2646,2,"Georgia, Turkey"
Tabasaran,Vulnerable,128391,41.8081,47.9882,1,Russian Federation
Chambeali,Definitely endangered,126589,32.9072,76.5307,1,India
Abkhaz,Vulnerable,125000,43.133,40.8471,3,"Georgia, Russian Federation, Turkey"
Phom,Vulnerable,123000,26.7799,94.9493,1,India
Kolami,Definitely endangered,121855,20.5093,78.1787,1,India
Navajo,Vulnerable,120000,35.8044,-108.475,1,United States of America
Sassarese,Definitely endangered,120000,40.6139,8.6132,1,Italy
Tamahaq (Algeria),Vulnerable,120000,22.8369,5.5371,1,Algeria
Konda,Definitely endangered,118597,18.2763,82.9385,1,India
Sierra Totonac,Severely endangered,118367,20.2461,-97.6586,1,Mexico
Jaunsari,Definitely endangered,114733,30.4859,78.0908,1,India
Dimasa,Vulnerable,112000,24.7368,92.9003,1,India
Ladakhi,Vulnerable,105000,34.0617,77.5909,2,"China, India"
Salar,Vulnerable,104503,36.2752,102.4584,1,China
Simi,Vulnerable,104000,25.9777,94.5922,1,India
Phurhepecha,Vulnerable,102988,19.3111,-102.041,1,Mexico
Crimean Tatar (Crimea),Severely endangered,100000,45.3212,34.3212,1,Ukraine
Dagur (Nonni),Definitely endangered,100000,47.9163,124.1235,1,China
Francoprovençal,Definitely endangered,100000,45.7828,6.9982,3,"France, Italy, Switzerland"
Gallurese,Definitely endangered,100000,40.8802,9.4482,1,Italy
Mapuche (Argentina),Severely endangered,100000,-40.0791,-71.0156,1,Argentina
Mehri,Definitely endangered,100000,16.5993,52.8057,2,"Oman, Yemen"
Ordos,Definitely endangered,100000,39.1641,108.1054,1,China
Quechua of Northern Bolivia,Vulnerable,100000,-15.3649,-69.0518,1,Bolivia (Plurinational State of)
Suba,Vulnerable,100000,-0.9942,34.519,2,"Kenya, United Republic of Tanzania"
Garífuna (Honduras),Vulnerable,98000,15.6754,-88.1476,1,Honduras
Embera (Colombia),Vulnerable,95000,6.1624,-76.8383,1,Colombia
Kabui,Vulnerable,95000,24.7218,93.6584,1,India
Shughni,Vulnerable,95000,37.4879,71.5374,2,"Tajikistan, Afghanistan"
Permyak,Definitely endangered,94328,59.204,54.5361,1,Russian Federation
Poqomchi',Vulnerable,92941,15.3757,-90.4288,1,Guatemala
Yimchungru,Vulnerable,92000,25.9629,94.9713,1,India
Nogay (Caucasus),Definitely endangered,90020,43.8028,46.2744,1,Russian Federation
Heiban,Vulnerable,90000,10.8575,30.2371,1,Sudan
Quichua (Cañar and Azuay),Severely endangered,90000,-2.6577,-78.8378,1,Ecuador
Mezquital Otomí,Definitely endangered,88789,20.4831,-99.217,1,Mexico
Burushaski,Vulnerable,87000,35.909,74.2153,1,Pakistan
Chokri,Vulnerable,84000,25.8691,94.7131,1,India
Sangtam,Vulnerable,84000,26.6032,94.9603,1,India
Achi',Vulnerable,82640,15.0845,-90.4888,1,Guatemala
Yem,Vulnerable,81613,7.6347,37.3205,1,Ethiopia
Mao,Vulnerable,81000,25.5027,94.2681,1,India
Arbëresh,Definitely endangered,80000,40.9321,14.8645,1,Italy
Lari,Definitely endangered,80000,27.8585,54.8547,1,Iran (Islamic Republic of)
Páez,Definitely endangered,80000,2.8237,-76.3117,1,Colombia
Quechua of Santiago del Estero,Definitely endangered,80000,-26.7848,-63.6767,1,Argentina
Svan,Definitely endangered,80000,43.0207,42.3193,1,Georgia
Tai Daeng,Vulnerable,80000,19.8833,104.6166,2,"Lao People's Democratic Republic, Viet Nam"
Taznatit,Severely endangered,80000,29.3413,0.3955,1,Algeria
Wakhi,Definitely endangered,75000,37.1603,74.9047,4,"China, Pakistan, Tajikistan, Afghanistan"
Bishnupriya Manipuri Creole,Vulnerable,72899,24.297,92.4499,2,"Bangladesh, India"
Acheron,Severely endangered,70000,10.809,30.2453,1,Sudan
Maori,Vulnerable,70000,-38.4105,177.3632,1,New Zealand
Tai Neua,Vulnerable,70000,20.5166,104.3166,1,Lao People's Democratic Republic
Bhadravahi,Definitely endangered,66918,33.5413,76.333,2,"India, Pakistan"
Kinnauri,Definitely endangered,65097,31.541,78.3764,1,India
Gallo-Sicilian,Definitely endangered,65000,38.0167,14.5994,1,Italy
Kurux (Bangladesh),Vulnerable,65000,25.8196,88.9672,1,Bangladesh
Tz'utujil,Definitely endangered,63237,14.6394,-91.2301,1,Guatemala
Chamorro,Vulnerable,62500,13.4323,144.7338,1,Guam (U.S.A.)
Ashaninka (Peru),Vulnerable,62468,-10.6929,-74.3444,1,Peru
Chang,Vulnerable,62000,26.2934,94.9493,1,India
Kuna (Panama),Vulnerable,61703,9.5983,-79.6334,1,Panama
Churahi,Definitely endangered,61199,33.1835,76.5747,1,India
Nruanghmei,Vulnerable,61000,24.9661,93.5375,1,India
Rengma,Vulnerable,61000,25.958,94.2462,1,India
Faroese,Vulnerable,60000,62.0112,-6.7785,1,Faroe Islands
Northern Tujia,Severely endangered,60000,28.828,109.5904,1,China
Torwali,Definitely endangered,60000,35.5833,72.5,1,Pakistan
Chuj (Guatemala),Vulnerable,59048,15.8259,-91.4783,1,Guatemala
Kachari,Definitely endangered,59000,25.2844,93.2189,1,India
Scottish Gaelic,Definitely endangered,58552,58.1011,-6.7675,1,United Kingdom of Great Britain and Northern Ireland
Kashubian,Severely endangered,53000,54.2267,18.1713,1,Poland
Khakas,Definitely endangered,52217,53.7746,90.3735,1,Russian Federation
Parji,Critically endangered,51216,18.5629,82.8039,1,India
Arvanitika,Severely endangered,50000,38.1863,23.6096,1,Greece
Buryat (Cis-Baikal),Severely endangered,50000,52.7961,104.8809,1,Russian Federation
Buryat (Manchuria),Definitely endangered,50000,49.8096,119.7509,2,"China, Mongolia"
Cuona Menba,Vulnerable,50000,26.8279,95.3623,3,"Bhutan, China, India"
Eastern Cham,Definitely endangered,50000,10.7833,108.0833,1,Viet Nam
Hmar,Vulnerable,50000,24.577,93.3178,1,India
Huzhu Monguor,Severely endangered,50000,36.7608,102.4255,1,China
Paite,Vulnerable,50000,24.1968,93.3563,1,India
Quichua (Imbabura),Definitely endangered,50000,0.1757,-78.2006,1,Ecuador
Soqotri,Severely endangered,50000,12.5331,53.767,1,Yemen
Southern Altay,Definitely endangered,50000,51.069,86.5942,1,Russian Federation
Turoyo,Severely endangered,50000,37.405,41.3745,2,"Syrian Arab Republic, Turkey"
Võro-Seto,Definitely endangered,50000,57.8096,27.29,2,"Estonia, Russian Federation"
West Greenlandic,Vulnerable,50000,64.1681,-51.7236,1,Greenland (Kingdom of Denmark)
Western Armenian (Turkey),Definitely endangered,50000,41.0213,28.9324,1,Turkey
Zaramo,Definitely endangered,50000,-6.922,39.2409,1,United Republic of Tanzania
Papantla Totonac,Definitely endangered,49748,20.4477,-97.32,1,Mexico
Wancho,Vulnerable,49000,26.9759,95.4656,1,India
Bhumji,Vulnerable,47000,21.8003,86.8139,1,India
Cosung (China),Definitely endangered,47000,22.6833,102.6666,1,China
Cosung (Viet Nam),Definitely endangered,47000,22.6166,102.75,1,Viet Nam
Baheng (China),Vulnerable,45000,26.19,110.24,1,China
Lumun,Definitely endangered,45000,10.8387,30.0338,1,Sudan
Quichua (Loja),Severely endangered,45000,-3.6236,-79.2388,1,Ecuador
Chamling,Definitely endangered,44093,27.0499,86.7329,1,Nepal
Irish,Definitely endangered,44000,53.7876,-9.1845,2,"Ireland, United Kingdom of Great Britain and Northern Ireland"
Reshe,Vulnerable,44000,10.8791,4.6115,1,Nigeria
Sierra Otomí,Vulnerable,43468,20.1021,-97.622,1,Mexico
Phuthi,Definitely endangered,43000,-29.3791,28.2838,1,Lesotho
Rarotongan,Vulnerable,43000,-21.2343,-159.7837,1,Cook Islands
Khalaj,Vulnerable,42100,34.3751,50.3063,1,Iran (Islamic Republic of)
Dungan,Definitely endangered,41000,42.4518,78.4643,2,"Kazakhstan, Kyrgyzstan"
Kheza,Vulnerable,41000,25.6811,94.367,1,India
Jola-Kassa,Vulnerable,40850,13.1089,-15.8999,1,Senegal
Satār,Vulnerable,40260,26.5541,87.918,1,Nepal
Guaraní Boliviano,Vulnerable,40000,-20.1694,-63.8525,2,"Argentina, Bolivia (Plurinational State of)"
Gutob,Vulnerable,40000,18.7086,83.5839,1,India
Kheng,Vulnerable,40000,27.0786,91.0272,1,Bhutan
Laro,Definitely endangered,40000,10.7685,29.902,1,Sudan
Minyong,Vulnerable,40000,28.2632,95.0537,1,India
Mru,Severely endangered,40000,21.7748,92.2741,1,Myanmar
"Quechua of Cajatambo, Pasco and northern Junín",Severely endangered,40000,-10.6147,-76.506,1,Peru
Quichua (Napo),Definitely endangered,40000,-0.6371,-77.1459,1,Ecuador
Tangsa,Vulnerable,40000,27.4059,96.427,1,India
Awajun,Vulnerable,39000,-4.3464,-77.8271,1,Peru
Khiamngan,Vulnerable,38000,26.0518,95.1031,1,India
Ngile,Severely endangered,38000,10.7901,29.8635,1,Sudan
Phunoi,Vulnerable,37311,21.6833,102.1,1,Lao People's Democratic Republic
Maram,Vulnerable,37000,25.185,93.9715,1,India
Western Mari,Severely endangered,36822,56.3317,46.5545,1,Russian Federation
Chepang,Vulnerable,36807,27.7552,84.8144,1,Nepal
Chontal Tabasco,Severely endangered,36514,17.7607,-92.5936,1,Mexico
Muji,Definitely endangered,36500,23.6,102.7333,1,China
Akatek (Guatemala),Vulnerable,35763,15.5724,-91.4218,1,Guatemala
Huichol,Vulnerable,35724,22.65,-103.5833,1,Mexico
Romansh,Definitely endangered,35095,46.5777,9.6954,1,Switzerland
Apatani,Vulnerable,35000,27.5228,93.8177,1,India
Galo,Vulnerable,35000,28.1688,94.7433,1,India
Korwa,Vulnerable,35000,22.4922,84.1552,1,India
Shuar chicham,Definitely endangered,35000,-2.8826,-78.0303,1,Ecuador
Ticuna,Definitely endangered,35000,-4.3464,-70.0048,3,"Brazil, Colombia, Peru"
Wanka Quechua,Severely endangered,35000,-12.136,-75.2453,1,Peru
Sikuani,Vulnerable,34614,3.4256,-68.8183,2,"Colombia, Venezuela (Bolivarian Republic of)"
Jakaltek (Guatemala),Definitely endangered,34038,15.6685,-91.7111,1,Guatemala
Liangmai,Vulnerable,34000,25.2794,93.6694,1,India
Zeme,Vulnerable,34000,25.5027,93.5595,1,India
Highland Mazatec,Vulnerable,33859,18.1307,-96.8436,1,Mexico
Thangmi,Definitely endangered,33500,27.6969,86.0057,1,Nepal
Nocte,Vulnerable,33000,27.1618,95.7952,1,India
Mayo,Critically endangered,32869,26.9114,-109.6271,1,Mexico
Lauje,Vulnerable,32000,-0.4531,119.9816,1,Indonesia
Danuwar,Severely endangered,31849,26.9661,86.3223,1,Nepal
Sirmaudi,Critically endangered,31144,30.9823,77.1569,1,India
Abaza,Definitely endangered,31000,44.1556,41.9368,2,"Russian Federation, Turkey"
Koch,Definitely endangered,31000,25.7603,90.3955,1,India
Amis,Vulnerable,30000,23.4456,121.4483,1,China
Biak,Vulnerable,30000,-0.3076,131.2207,1,Indonesia
Bumthang,Vulnerable,30000,27.492,90.7159,1,Bhutan
Burgenland Croatian,Definitely endangered,30000,47.8435,16.5179,3,"Austria, Hungary, Slovakia"
Dzhidi,Definitely endangered,30000,33.5139,48.0102,1,Iran (Islamic Republic of)
Judeo-Berber (Israel),Severely endangered,30000,31.6767,34.5684,1,Israel
Kham,Definitely endangered,30000,28.4321,82.9635,1,Nepal
Ladin,Definitely endangered,30000,46.5531,11.8597,1,Italy
Lepcha,Definitely endangered,30000,27.1153,88.4687,3,"Bhutan, India, Nepal"
Maonan,Vulnerable,30000,24.8341,107.577,1,China
"Mok (Myanmar, Thailand)",Definitely endangered,30000,21.7333,99.7666,2,"Myanmar, Thailand"
Moro,Definitely endangered,30000,10.8872,30.1904,1,Sudan
Mulam,Vulnerable,30000,24.6341,108.2895,1,China
North Saami,Definitely endangered,30000,68.9099,22.9394,4,"Finland, Norway, Russian Federation, Sweden"
Quechua of Cajamarca,Severely endangered,30000,-7.1772,-78.673,1,Peru
Quichua (Pastaza),Definitely endangered,30000,-1.7575,-76.8603,1,Ecuador
Rushani,Definitely endangered,30000,37.8705,71.5979,2,"Tajikistan, Afghanistan"
Tialo,Vulnerable,30000,0.4888,120.8935,1,Indonesia
Tidikelt,Critically endangered,30000,26.8828,2.5488,1,Algeria
Toba,Definitely endangered,30000,-25.958,-59.0625,1,Argentina
Tundra Nenets,Definitely endangered,30000,67.5001,67.7856,1,Russian Federation
Wuse,Vulnerable,30000,24.878,109.1053,1,China
Agul,Definitely endangered,29399,41.7518,47.6875,1,Russian Federation
Rutul,Definitely endangered,29383,41.5332,47.3181,2,"Azerbaijan, Russian Federation"
Bateri,Definitely endangered,29000,34.9073,72.8675,1,Pakistan
Mzieme,Vulnerable,29000,25.6019,93.8891,1,India
Ghale,Vulnerable,28989,28.2501,84.718,1,Nepal
Sierra Popoluca,Vulnerable,28700,18.245,-94.76,1,Mexico
Kurux (Nepal),Vulnerable,28615,26.6032,87.2259,1,Nepal
Deori,Definitely endangered,28000,27.1911,94.1528,1,India
Soyaltepec Mazatec,Vulnerable,27524,18.2499,-96.3995,1,Mexico
Sibe,Severely endangered,27000,43.6599,81.3427,1,China
Isthmus Náhuatl,Vulnerable,26632,18.2209,-94.8382,1,Mexico
Sunwar,Vulnerable,26611,27.3485,86.2337,1,Nepal
Mancagne,Vulnerable,26450,12.7743,-15.6967,1,Senegal
Gadaba,Critically endangered,26262,18.3858,82.7819,1,India
Banat Bulgarian,Definitely endangered,25000,45.4832,20.9069,2,"Romania, Serbia"
Csángó Hungarian,Severely endangered,25000,46.7925,27.1911,1,Romania
Koda,Vulnerable,25000,22.1263,87.0776,1,India
Minhe Monguor,Definitely endangered,25000,36.4919,102.6452,1,China
Olonetsian,Definitely endangered,25000,61.1273,32.8765,2,"Finland, Russian Federation"
Saek,Definitely endangered,25000,19.3166,104.7833,2,"Lao People's Democratic Republic, Thailand"
Sioux,Vulnerable,25000,43.0588,-102.5244,1,United States of America
Tamazight (Beni Iznassen),Definitely endangered,25000,34.7506,-2.1917,1,Morocco
Tsakhur,Definitely endangered,25000,41.6523,46.9775,2,"Azerbaijan, Russian Federation"
Warao,Definitely endangered,25000,8.6027,-61.3806,2,"Guyana, Venezuela (Bolivarian Republic of)"
Majhi,Severely endangered,24664,27.9208,83.5082,1,Nepal
Jone,Definitely endangered,24000,34.5947,103.5653,1,China
Andi,Definitely endangered,23729,42.7308,46.2963,1,Russian Federation
Guambiano,Definitely endangered,23462,2.6138,-76.3906,1,Colombia
Anal,Vulnerable,23000,24.1517,93.9385,1,India
Hawrami,Definitely endangered,23000,35.4259,46.2551,2,"Iran (Islamic Republic of), Iraq"
Juang,Definitely endangered,23000,21.0742,85.6164,1,India
Tiwa,Definitely endangered,23000,25.7801,92.5927,1,India
Embera (Panama),Vulnerable,22485,8.1179,-77.7429,1,Panama
Ediamat,Vulnerable,22025,12.2621,-16.5289,1,Guinea-Bissau
Mara,Definitely endangered,22000,23.5237,92.9003,1,India
Maring,Vulnerable,22000,24.6769,94.3835,1,India
Polci cluster,Definitely endangered,22000,9.9742,9.3328,1,Nigeria
Sarikoli,Definitely endangered,22000,37.9463,75.1272,1,China
Krongo,Definitely endangered,21688,10.585,29.8883,1,Sudan
Ashtiani,Definitely endangered,21000,34.4861,51.0562,1,Iran (Islamic Republic of)
Khunsari,Definitely endangered,21000,32.8795,51.6796,1,Iran (Islamic Republic of)
Semnani,Definitely endangered,21000,34.8679,53.4924,1,Iran (Islamic Republic of)
Plains Cree,Vulnerable,20933,56.3544,-113.8345,1,Canada
Aluo,Definitely endangered,20000,25.9368,102.1839,1,China
Bru,Definitely endangered,20000,15.3174,105.4938,1,Thailand
Cho-ca-nga-ca-kha,Definitely endangered,20000,27.4107,91.2277,1,Bhutan
Crimean Tatar (Dobruja),Severely endangered,20000,43.9414,28.3062,2,"Bulgaria, Romania"
Dhimal,Severely endangered,20000,26.6192,87.4635,1,Nepal
Griko (Salento),Severely endangered,20000,40.1578,18.2208,1,Italy
Kaiowá Guarani,Vulnerable,20000,-21.5812,-55.0759,1,Brazil
Karelian (Karelia),Definitely endangered,20000,63.0474,33.4616,2,"Finland, Russian Federation"
Khoirao,Vulnerable,20000,25.2198,94.1583,1,India
Manchad,Vulnerable,20000,32.6578,77.5415,1,India
Mariupolitan Greek,Severely endangered,20000,47.1364,37.5444,1,Ukraine
Pemon (Venezuela),Vulnerable,20000,5.1347,-61.853,2,"Guyana, Venezuela (Bolivarian Republic of)"
Tacenwit,Vulnerable,20000,36.5703,2.2892,1,Algeria
Western Neo-Aramaic,Definitely endangered,20000,33.8339,36.5405,1,Syrian Arab Republic
Yaghnobi,Definitely endangered,20000,38.5632,68.4475,1,Tajikistan
Yeyi,Definitely endangered,20000,-19.4562,23.2031,1,Botswana
Sorbian,Definitely endangered,19500,51.5001,14.4744,1,Germany
Biete,Definitely endangered,19000,25.6514,93.2409,1,India
Hrangkhol,Vulnerable,19000,24.1467,92.3071,1,India
Terena,Severely endangered,19000,-20.2841,-55.4638,1,Brazil
Kati,Definitely endangered,18700,35.3845,71.3177,2,"Pakistan, Afghanistan"
Kulung,Vulnerable,18686,27.518,86.9375,1,Nepal
Kaingang,Definitely endangered,18500,-28.1495,-52.4707,1,Brazil
Lowland Mazatec,Vulnerable,18389,18.0801,-96.5236,1,Mexico
Vafsi,Definitely endangered,18000,34.0867,49.8861,1,Iran (Islamic Republic of)
Bassari,Vulnerable,17910,12.4419,-12.6617,1,Senegal
Bayot,Vulnerable,17150,12.4218,-16.4149,1,Senegal
Pochuri,Vulnerable,17000,25.6712,94.779,1,India
Tamahaq (Libya),Definitely endangered,17000,24.9611,10.1733,1,Libyan Arab Jamahiriya
Swampy Cree,Vulnerable,16685,53.9849,-97.7626,1,Canada
Koraga,Critically endangered,16665,11.6952,75.6738,1,India
Oyda,Vulnerable,16597,5.9438,36.6503,1,Ethiopia
Pangvali,Critically endangered,16285,33.4589,76.9152,1,India
Shipibo-Conibo,Definitely endangered,16085,-8.4289,-74.6411,1,Peru
Amba,Vulnerable,16000,0.6737,30.198,1,Uganda
Tsez,Definitely endangered,15356,42.2376,45.8734,1,Russian Federation
Bonan,Definitely endangered,15000,36.089,102.843,1,China
Chrau,Definitely endangered,15000,10.5634,107.1496,1,Viet Nam
Dari,Definitely endangered,15000,31.8402,54.1625,1,Iran (Islamic Republic of)
Dzala,Vulnerable,15000,27.7078,91.3623,1,Bhutan
Ersu,Definitely endangered,15000,28.7778,102.1277,1,China
Gangte,Definitely endangered,15000,24.1968,93.587,1,India
Gurdu-Mbaaru,Severely endangered,15000,9.7415,10.4534,1,Nigeria
Ha-lung Tibetan,Definitely endangered,15000,27.6831,87.8256,1,Nepal
Hlersu,Vulnerable,15000,24.3789,102.046,1,China
Kwama,Vulnerable,15000,9.5465,34.2059,1,Ethiopia
Lavua,Definitely endangered,15000,18.4483,98.1848,1,Thailand
Macushi (Brazil),Vulnerable,15000,3.7765,-61.1279,1,Brazil
Nahali,Definitely endangered,15000,21.4735,74.0258,1,India
Naluo,Vulnerable,15000,26.5895,100.8506,1,China
O'odham (Akimel),Definitely endangered,15000,33.059,-112.0479,1,United States of America
O'odham (Tohono),Definitely endangered,15000,31.9186,-111.8798,1,United States of America
Paiwan,Vulnerable,15000,22.4313,120.7809,1,China
Rao,Definitely endangered,15000,25.871,107.0476,1,China
Semai,Severely endangered,15000,4.3039,101.445,1,Malaysia
Shatt,Severely endangered,15000,10.8117,29.7235,1,Sudan
Siwi,Definitely endangered,15000,29.1905,25.5322,1,Egypt
Tagargrent,Severely endangered,15000,30.9587,4.0209,1,Algeria
Totoli,Vulnerable,15000,0.8953,120.2838,1,Indonesia
Aruaco,Vulnerable,14799,10.0986,-73.5424,1,Colombia
Yakkha,Critically endangered,14648,27.1908,87.3358,1,Nepal
Kuruba,Critically endangered,14613,11.4369,76.3549,1,India
Tuamotuan,Definitely endangered,14400,-14.9354,-147.7455,1,French Polynesia (France)
Katla,Definitely endangered,14208,11.7329,29.3939,1,Sudan
Garífuna (Belize),Vulnerable,14061,17.1833,-88.5833,1,Belize
Thulung,Definitely endangered,14034,27.4534,86.6423,1,Nepal
Bawm,Definitely endangered,14000,22.1874,92.6477,2,"Bangladesh, India"
Guajajara,Vulnerable,14000,-4.8282,-46.8017,1,Brazil
Niuean,Definitely endangered,14000,-19.0491,-169.8706,1,Niue
Uhunduni,Vulnerable,14000,-4.2054,137.031,1,Indonesia
Gusilay,Vulnerable,13950,12.7019,-16.4382,1,Senegal
Xavante,Vulnerable,13303,-14.4832,-53.5305,1,Brazil
Dondo,Vulnerable,13000,0.747,120.4266,1,Indonesia
Nalu,Definitely endangered,13000,10.9523,-14.7629,1,Guinea
Tagoi,Severely endangered,13000,10.8252,30.1657,1,Sudan
Karko,Definitely endangered,12986,11.964,29.4186,1,Sudan
San Mateo del Mar Huave,Vulnerable,12667,16.2,-94.9833,1,Mexico
Q'eqchi' (Belize),Vulnerable,12366,16.8107,-88.3999,1,Belize
Kadaru,Definitely endangered,12360,12.1789,30.2398,1,Sudan
Mazatlán Mazatec,Vulnerable,12340,18.033,-96.8999,1,Mexico
Badiaranke,Severely endangered,12205,12.4043,-13.5736,1,Guinea
Alune,Vulnerable,12000,-3.0637,128.3752,1,Indonesia
Bangani,Critically endangered,12000,29.8692,79.0686,1,India
Chamalal,Definitely endangered,12000,42.5712,46.0739,1,Russian Federation
Chru,Vulnerable,12000,11.4666,109.05,1,Viet Nam
Hill Miri,Definitely endangered,12000,27.7078,94.0374,1,India
Jinuo,Definitely endangered,12000,21.4758,101.3111,1,China
Muya,Vulnerable,12000,30.2593,101.7497,1,China
Samei,Severely endangered,12000,25.0756,103.0133,1,China
Tajio,Vulnerable,12000,-0.0954,120.0173,1,Indonesia
Tobada',Extinct,12000,-2.019,119.4708,1,Indonesia
Yaqui (Mexico),Vulnerable,11806,27.6436,-110.296,1,Mexico
Ch'orti' (Guatemala),Definitely endangered,11734,14.968,-89.2905,1,Guatemala
Filomeno Mata Totonac,Vulnerable,11710,20.198,-97.7022,1,Mexico
Komo,Definitely endangered,11500,9.0804,34.0905,2,"Ethiopia, Sudan"
Tuwuli,Vulnerable,11400,7.0572,0.3845,1,Ghana
Idu,Definitely endangered,11101,28.6496,95.8419,2,"China, India"
Kari'ña (Venezuela),Severely endangered,11000,8.4941,-64.0942,1,Venezuela (Bolivarian Republic of)
Machiguenga,Definitely endangered,11000,-11.8888,-72.9052,1,Peru
Piaroa (Venezuela),Vulnerable,11000,4.5435,-66.7089,1,Venezuela (Bolivarian Republic of)
Tuvaluan,Definitely endangered,11000,-8.5049,179.187,1,Tuvalu
Waunana (Colombia),Vulnerable,11000,4.2806,-77.0581,1,Colombia
Noon,Vulnerable,10925,14.8173,-16.5234,1,Senegal
Sampang,Vulnerable,10810,27.257,86.9444,1,Nepal
Central Alaskan Yupik (2),Vulnerable,10400,61.4387,-160.4882,1,United States of America
Central Alaskan Yupik (Nuniak Island),Vulnerable,10400,59.8889,-166.289,1,United States of America
Bukiyip,Vulnerable,10304,-3.4256,143.0886,1,Papua New Guinea
Saparua,Definitely endangered,10216,-3.5757,128.6464,1,Indonesia
Darai,Severely endangered,10210,27.9264,84.331,1,Nepal
Bandial,Vulnerable,10125,12.5317,-16.1553,1,Senegal
Bongo,Definitely endangered,10084,6.1405,31.7999,1,Sudan
Northwestern Tarahumara,Vulnerable,10031,27.9169,-107.0552,1,Mexico
Algherese Catalan,Definitely endangered,10000,40.5638,8.3276,1,Italy
Aragonese,Definitely endangered,10000,42.2935,-0.4394,1,Spain
Baima,Vulnerable,10000,33.1531,103.8696,1,China
Bukharic,Definitely endangered,10000,39.8043,64.4224,1,Uzbekistan
Bunun,Vulnerable,10000,23.3624,121.1077,1,China
Burunge,Vulnerable,10000,-4.7297,35.7769,1,United Republic of Tanzania
Chayahuita,Definitely endangered,10000,-5.3425,-76.6955,1,Peru
Cherokee (Oklahoma),Definitely endangered,10000,36.7544,-98.3569,1,United States of America
Dalecarlian,Definitely endangered,10000,61.2385,14.0295,1,Sweden
"Huitoto (Colombia, Peru)",Definitely endangered,10000,-3.0308,-71.8066,2,"Colombia, Peru"
Hulaula (Israel),Severely endangered,10000,32.2128,34.9118,1,Israel
Karang,Vulnerable,10000,8.3093,15.3588,1,Chad
Karelian (Tver),Definitely endangered,10000,58.1533,36.101,1,Russian Federation
Karone,Vulnerable,10000,12.7769,-16.7733,1,Senegal
Kryz,Severely endangered,10000,41.1455,48.164,1,Azerbaijan
"Kurripako (Colombia, Venezuela)",Definitely endangered,10000,2.3723,-67.5659,2,"Colombia, Venezuela (Bolivarian Republic of)"
Kurtöp,Vulnerable,10000,27.7127,90.9667,1,Bhutan
Lamgang,Critically endangered,10000,24.2569,94.0759,1,India
Miqie,Definitely endangered,10000,26.9053,100.8506,1,China
Mojo,Definitely endangered,10000,-14.966,-65.1708,1,Bolivia (Plurinational State of)
Muot,Critically endangered,10000,8.0932,93.4963,1,India
Naiki,Critically endangered,10000,19.8287,78.2281,1,India
Ñandeva Guarani,Vulnerable,10000,-22.0652,-54.7558,1,Brazil
Ngwaba,Severely endangered,10000,9.9904,12.81,1,Nigeria
North Frisian,Severely endangered,10000,54.7341,8.7478,1,Germany
Northern Khanty,Definitely endangered,10000,63.7047,66.676,1,Russian Federation
Nyah Kur,Definitely endangered,10000,15.6587,101.5068,1,Thailand
Nyenkha,Vulnerable,10000,27.4595,90.4119,1,Bhutan
Orang Hulu,Definitely endangered,10000,1.8871,103.984,1,Malaysia
Otoro,Severely endangered,10000,11.1864,30.6353,1,Sudan
Solon,Definitely endangered,10000,48.166,119.4873,1,China
Southern Tujia,Severely endangered,10000,28.258,109.9398,1,China
Taba,Vulnerable,10000,0.0659,127.4084,1,Indonesia
Talu,Vulnerable,10000,26.5623,102.8506,1,China
Tamazight (Tunisia),Severely endangered,10000,36.0313,9.8767,1,Tunisia
Tayal,Vulnerable,10000,24.5458,121.3591,1,China
Temein,Severely endangered,10000,11.8377,29.4625,1,Sudan
Temiar,Definitely endangered,10000,4.9493,101.4113,1,Malaysia
Vidunda,Vulnerable,10000,-6.8664,37.304,1,United Republic of Tanzania
Kogui,Vulnerable,9911,10.8548,-74.0258,1,Colombia
Paloor,Vulnerable,9680,14.7801,-16.8035,1,Senegal
Choctaw (Louisiana),Vulnerable,9500,31.6822,-92.1252,1,United States of America
Choctaw (Mississipi),Vulnerable,9500,32.7713,-89.1163,1,United States of America
Choctaw (Oklahoma),Vulnerable,9500,34.1472,-94.81,1,United States of America
Gawar-Bati,Definitely endangered,9500,35.158,71.4083,2,"Pakistan, Afghanistan"
Taruang,Vulnerable,9332,28.12,95.88,3,"China, India, Myanmar"
Khaling,Definitely endangered,9288,27.5781,86.7163,1,Nepal
Nunavimmiutitut,Vulnerable,9105,58.1665,-68.3605,1,Canada
Woods Cree,Vulnerable,9095,55.1711,-102.9061,1,Canada
Phula (Viet Nam),Definitely endangered,9046,22.7833,105.4666,1,Viet Nam
Dol-po,Definitely endangered,9000,29.2193,83.0676,1,Nepal
Helong,Severely endangered,9000,-10.1905,123.5247,1,Indonesia
Lisela,Vulnerable,9000,-3.2392,127.0239,1,Indonesia
Motuo Menba,Definitely endangered,9000,28.664,94.0347,2,"China, India"
Panamahka,Vulnerable,9000,14.2856,-84.5947,1,Nicaragua
Zuni,Vulnerable,9000,35.082,-108.76,1,United States of America
Mopán (Belize),Severely endangered,8980,16.2449,-88.8654,1,Belize
Tulishi,Severely endangered,8628,11.5984,29.0917,1,Sudan
Central Cuicatec,Vulnerable,8621,17.8,-96.961,1,Mexico
Ts'amay,Definitely endangered,8621,5.4382,37.2463,1,Ethiopia
Phalura,Definitely endangered,8600,35.7264,71.7434,1,Pakistan
Ixcatlán Mazatec,Vulnerable,8593,18.1447,-96.4855,1,Mexico
Patla-Chicontla Totonac,Severely endangered,8590,20.1644,-97.6927,1,Mexico
Toram,Severely endangered,8456,11.1581,19.6023,1,Chad
Dene,Vulnerable,8195,56.4807,-109.4127,1,Canada
Micmac (Massachusetts),Definitely endangered,8145,42.3589,-71.0578,1,United States of America
Argobba,Critically endangered,8000,10.5958,39.9792,1,Ethiopia
Austral dialects,Definitely endangered,8000,-23.3775,-149.4909,1,French Polynesia (France)
Belanda Bor,Definitely endangered,8000,6.4954,27.7404,1,Sudan
Feroge,Vulnerable,8000,8.5049,25.7189,1,Sudan
Inga,Severely endangered,8000,1.1658,-77.0011,1,Colombia
Kanga,Severely endangered,8000,10.844,29.4708,1,Sudan
Lajia,Definitely endangered,8000,23.7439,110.0526,1,China
Lakha,Definitely endangered,8000,27.5898,90.3735,1,Bhutan
Mbya Guarani (Paraguay),Definitely endangered,8000,-26.5099,-55.2832,1,Paraguay
Mundurukú,Vulnerable,8000,-8.1027,-57.3486,1,Brazil
Ojibwe,Severely endangered,8000,46.0706,-93.6677,1,United States of America
Quichua (Salasaca),Definitely endangered,8000,-1.3511,-78.6511,1,Ecuador
Rongpo,Vulnerable,8000,30.7229,79.7387,1,India
Sanyi,Severely endangered,8000,24.9262,102.5134,1,China
Temuan,Severely endangered,8000,3.3709,101.984,1,Malaysia
Tingal,Definitely endangered,8000,12.238,31.1215,1,Sudan
Wampis,Vulnerable,8000,-3.4476,-77.7941,1,Peru
Wunai Bunu,Definitely endangered,8000,24.4146,107.8378,1,China
Yanesha,Severely endangered,8000,-10.3743,-75.2343,1,Peru
Pana,Definitely endangered,7800,13.165,-3.4277,1,Burkina Faso
Macushi (Guyana),Vulnerable,7750,3.6888,-59.4799,1,Guyana
Chukchi,Severely endangered,7742,67.6248,176.1767,1,Russian Federation
Awa Cuaiquer,Critically endangered,7500,1.4939,-78.5742,1,Colombia
Lishana Deni (Israel),Severely endangered,7500,31.7748,35.1013,1,Israel
Central Pame,Vulnerable,7399,21.9208,-99.3741,1,Mexico
Puinave,Definitely endangered,7377,4.434,-68.1591,2,"Colombia, Venezuela (Bolivarian Republic of)"
Mebengokre,Vulnerable,7266,-6.5569,-52.4707,1,Brazil
Tunebo,Definitely endangered,7231,6.4463,-72.0483,2,"Colombia, Venezuela (Bolivarian Republic of)"
Quechua of Peruvian Amazonia,Vulnerable,7200,-2.3723,-74.1137,1,Peru
Asur,Definitely endangered,7000,22.4719,84.9023,1,India
Bashkardi,Definitely endangered,7000,28.5169,57.7551,1,Iran (Islamic Republic of)
Burji,Vulnerable,7000,2.1857,37.9248,1,Kenya
Choyi,Definitely endangered,7000,30.8519,99.6659,1,China
Gazi,Definitely endangered,7000,32.8036,51.6211,1,Iran (Islamic Republic of)
Guichong,Vulnerable,7000,30.8148,101.7021,1,China
Natanzi,Severely endangered,7000,33.452,51.3006,1,Iran (Islamic Republic of)
Nayini,Severely endangered,7000,32.8519,53.1573,1,Iran (Islamic Republic of)
Parya,Severely endangered,7000,38.5094,68.0932,3,"Uzbekistan, Tajikistan, Afghanistan"
Segeju,Severely endangered,7000,-4.8173,39.0783,1,United Republic of Tanzania
Sivandi,Definitely endangered,7000,29.9168,51.5945,1,Iran (Islamic Republic of)
Soi,Definitely endangered,7000,31.6533,55.6787,1,Iran (Islamic Republic of)
Tucano (Brazil),Vulnerable,7000,0.1757,-67.2363,1,Brazil
Wapishana (Guyana),Vulnerable,7000,2.3065,-59.6997,1,Guyana
Yulu,Vulnerable,7000,8.3854,24.1754,3,"Central African Republic, Democratic Republic of the Congo, Sudan"
Zhaba,Vulnerable,7000,31.4,100.4734,1,China
Sakapultek,Definitely endangered,6973,14.9752,-91.0527,1,Guatemala
Chara,Vulnerable,6932,6.479,36.3647,1,Ethiopia
Kosraean,Severely endangered,6900,5.322,162.9904,2,"Micronesia (Federated States of), Nauru"
Waunana (Panama),Severely endangered,6882,8.2984,-78.1018,1,Panama
San Francisco del Mar Huave,Critically endangered,6874,16.3333,-94.5166,1,Mexico
Northern East Cree,Vulnerable,6870,53.6916,-78.8011,1,Canada
Micmac (Canada),Vulnerable,6850,45.9646,-60.6172,1,Canada
Northern Tepehuán,Definitely endangered,6802,26.4258,-107.2683,1,Mexico
Miju,Vulnerable,6700,28.1155,96.2896,2,"China, India"
Bussa,Vulnerable,6624,5.7225,37.1406,1,Ethiopia
Beli,Definitely endangered,6600,6.4736,29.2675,1,Sudan
Chesu,Definitely endangered,6600,24.4211,102.0459,1,China
Thuri,Vulnerable,6600,8.4397,25.4333,1,Sudan
Karata,Definitely endangered,6574,42.5874,46.3348,1,Russian Federation
Saulteau,Vulnerable,6558,50.5573,-98.6562,1,Canada
Kumāle,Severely endangered,6533,27.788,84.548,1,Nepal
Dimme,Vulnerable,6501,5.9548,36.2988,1,Ethiopia
Chiquitano (Bolivia),Definitely endangered,6500,-16.5835,-61.6113,1,Bolivia (Plurinational State of)
Tumtum,Severely endangered,6500,10.477,30.4321,1,Sudan
Bezhta,Definitely endangered,6461,42.1369,46.1508,1,Russian Federation
Thakali,Vulnerable,6441,28.7146,83.6478,1,Nepal
Dongotono,Vulnerable,6219,4.965,35.321,1,Sudan
Mawé,Vulnerable,6219,-3.8642,-56.7773,1,Brazil
Shor,Severely endangered,6210,53.0544,87.7478,1,Russian Federation
Oji-Cree,Vulnerable,6110,53.8141,-94.8977,1,Canada
Keiga,Severely endangered,6072,11.3184,29.696,1,Sudan
Ampibabo Lauje,Vulnerable,6000,0.3295,120.1904,1,Indonesia
Cashinahua (Brazil),Vulnerable,6000,-9.2603,-71.5304,1,Brazil
Geji cluster,Severely endangered,6000,10.196,9.5581,1,Nigeria
Mbya Guarani (Brazil),Vulnerable,6000,-30.1451,-50.625,1,Brazil
Moklen,Definitely endangered,6000,8.1953,98.3036,2,"Myanmar, Thailand"
Nauruan,Severely endangered,6000,-0.53,166.9221,1,Nauru
Nheengatu / Yeral (Brazil),Severely endangered,6000,-0.4833,-67.0166,1,Brazil
Parachi,Definitely endangered,6000,34.4658,68.637,1,Afghanistan
Quechua of San Martín,Severely endangered,6000,-6.5336,-76.4428,1,Peru
Sawkna,Critically endangered,6000,27.252,17.7539,1,Libyan Arab Jamahiriya
Sulung,Definitely endangered,6000,27.839,92.8784,2,"China, India"
Tindi,Definitely endangered,6000,42.466,46.1453,1,Russian Federation
Western Apache,Definitely endangered,6000,33.2563,-110.4637,1,United States of America
Yanomami (Brazil),Vulnerable,6000,3.0746,-63.457,1,Brazil
Yazgulami,Severely endangered,6000,38.1982,71.4276,1,Tajikistan
Chantyal,Definitely endangered,5912,28.4493,83.4054,1,Nepal
Mortlockese,Definitely endangered,5904,5.5811,153.5668,1,Micronesia (Federated States of)
Baníwa do Içana,Vulnerable,5811,1.2743,-68.291,3,"Brazil, Colombia, Venezuela (Bolivarian Republic of)"
"Akawaio (Guyana, Venezuela)",Definitely endangered,5800,5.3753,-60.5126,2,"Guyana, Venezuela (Bolivarian Republic of)"
Akhvakh,Definitely endangered,5793,42.472,46.3238,1,Russian Federation
Veps,Severely endangered,5753,60.3269,34.8046,1,Russian Federation
Qikiqtaaluk nigiani,Vulnerable,5740,63.7577,-68.5178,1,Canada
Sipakapense,Definitely endangered,5687,15.2121,-91.6335,1,Guatemala
Bribri (Costa Rica),Vulnerable,5647,9.5596,-83.3073,1,Costa Rica
Bainouk-Gunyaamolo,Vulnerable,5635,12.7421,-16.1141,1,Senegal
Kwatay,Severely endangered,5625,12.4204,-16.7596,1,Senegal
Baheng (Viet Nam),Vulnerable,5569,22.8166,106.35,1,Viet Nam
Dameli,Severely endangered,5500,35.578,71.8684,1,Pakistan
Sak (Bangladesh),Severely endangered,5500,21.5041,92.2055,1,Bangladesh
Yidgha,Definitely endangered,5500,36.0024,71.6006,1,Pakistan
Southeastern Tarahumara,Vulnerable,5406,26.0891,-106.9645,1,Mexico
Chimané,Vulnerable,5300,-15.2629,-66.8518,1,Bolivia (Plurinational State of)
Dilling,Definitely endangered,5295,12.0178,29.663,1,Sudan
San Dionisio del Mar Huave,Definitely endangered,5165,16.3166,-94.75,1,Mexico
Lafofa,Severely endangered,5140,10.3716,30.6243,1,Sudan
Akeu,Definitely endangered,5000,21.5833,101.0166,3,"Lao People's Democratic Republic, Myanmar, Thailand"
Anung (China),Critically endangered,5000,26.7368,98.7766,1,China
Bagvalal,Definitely endangered,5000,42.5247,46.192,1,Russian Federation
Bambassi,Definitely endangered,5000,9.7469,34.7662,1,Ethiopia
Barí,Vulnerable,5000,9.0261,-73.2678,1,Colombia
Bartangi,Severely endangered,5000,38.048,71.8286,1,Tajikistan
Bokar,Vulnerable,5000,28.8735,94.3807,2,"China, India"
Brokpa,Definitely endangered,5000,27.3766,91.9981,1,Bhutan
Creek,Definitely endangered,5000,35.6319,-95.9616,1,United States of America
Cubeo (Colombia),Vulnerable,5000,1.5,-70.5,1,Colombia
Dagur (Hailar),Definitely endangered,5000,48.6111,119.7949,1,China
Damal,Vulnerable,5000,-4.2806,137.0324,1,Indonesia
Dhaiso,Definitely endangered,5000,-5.0745,38.4741,1,United Republic of Tanzania
Gorum,Definitely endangered,5000,18.667,83.0346,1,India
Guarayu,Definitely endangered,5000,-15.919,-62.8747,1,Bolivia (Plurinational State of)
Gutnish,Definitely endangered,5000,57.3027,18.5284,1,Sweden
Hopi,Vulnerable,5000,35.8721,-110.6205,1,United States of America
Ilue,Critically endangered,5000,4.9185,8.2397,1,Nigeria
Jibbali,Severely endangered,5000,18.0623,52.4267,1,Oman
Kalasha,Severely endangered,5000,35.6684,71.7201,1,Pakistan
Kami,Severely endangered,5000,-6.8937,37.1337,1,United Republic of Tanzania
Kathu,Definitely endangered,5000,24.136,105.249,1,China
Khojki,Severely endangered,5000,23.6193,58.5653,1,Oman
Khwe,Definitely endangered,5000,-18.271,21.4892,1,Namibia
Kom,Definitely endangered,5000,24.0414,93.6639,1,India
Korandje,Severely endangered,5000,29.4049,-3.2605,1,Algeria
Lachi,Definitely endangered,5000,22.5,104.1333,1,Viet Nam
Mak,Definitely endangered,5000,25.5532,107.3809,1,China
Manihiki,Definitely endangered,5000,-10.4,-161,1,Cook Islands
Megleno-Romanian,Severely endangered,5000,41.1042,22.2025,2,"Greece, The former Yugoslav Republic of Macedonia"
Molise Croatian,Severely endangered,5000,41.8787,14.7065,1,Italy
Moroccan Judeo-Arabic (Morocco),Severely endangered,5000,34.0435,-5.0097,1,Morocco
Namuyi,Vulnerable,5000,28.0727,101.9565,1,China
Padoe,Vulnerable,5000,-2.6467,121.2615,1,Indonesia
Patamona (Guyana),Vulnerable,5000,4.5873,-59.8095,1,Guyana
Pu,Critically endangered,5000,8.2549,93.1022,1,India
Pume,Definitely endangered,5000,6.7518,-68.247,1,Venezuela (Bolivarian Republic of)
Singpho,Definitely endangered,5000,27.5569,96.7456,1,India
Turi,Definitely endangered,5000,21.8411,87.2973,1,India
Udi (Azerbaijan),Severely endangered,5000,41.0689,47.4609,1,Azerbaijan
Yecuana (Venezuela),Vulnerable,5000,4.8501,-64.5117,1,Venezuela (Bolivarian Republic of)
Jirel,Definitely endangered,4919,27.6419,86.2123,1,Nepal
Dolgan,Definitely endangered,4865,71.3851,97.3388,1,Russian Federation
Tsum,Definitely endangered,4786,28.4723,85.008,1,Nepal
Taroko,Vulnerable,4750,24.0916,121.5218,1,China
Kivallirmiutut,Vulnerable,4675,61.0982,-94.1201,1,Canada
Zapotec of Petapa,Definitely endangered,4613,16.8333,-95.1166,1,Mexico
Dungmali,Definitely endangered,4609,27.1874,87.1902,1,Nepal
Saryg Yugur,Severely endangered,4600,39.2747,98.8439,1,China
Qikiqtaaluk uannangani,Vulnerable,4550,69.3878,-81.615,1,Canada
Afitti,Severely endangered,4512,12.4419,30.7534,1,Sudan
Nomatsiguenga,Severely endangered,4500,-11.3292,-74.3664,1,Peru
Piapoko,Definitely endangered,4500,4.0396,-68.0712,2,"Colombia, Venezuela (Bolivarian Republic of)"
Tokelauan,Severely endangered,4500,-9.1699,-171.8206,1,Tokelau
Wotu,Vulnerable,4500,-2.6303,120.888,1,Indonesia
Wambule,Vulnerable,4471,27.1746,86.4363,1,Nepal
Southern East Cree,Vulnerable,4455,50.587,-73.6365,1,Canada
Arbore,Definitely endangered,4441,5.069,36.892,1,Ethiopia
Ebang,Severely endangered,4412,11.313,30.5886,1,Sudan
Tafi,Vulnerable,4400,6.73,0.4421,1,Ghana
Puma,Severely endangered,4310,26.9692,86.9004,1,Nepal
Gyele,Definitely endangered,4280,2.2241,9.8986,2,"Cameroon, Equatorial Guinea"
Bwisi,Definitely endangered,4248,-3.5572,11.4477,2,"Congo, Gabon"
Eastern Montagnais,Vulnerable,4180,50.2136,-66.193,1,Canada
Atikamekw,Vulnerable,4155,47.2104,-74.3827,1,Canada
Acoma-Laguna,Definitely endangered,4000,34.8964,-107.5816,1,United States of America
Aka,Definitely endangered,4000,27.1666,92.6312,2,"India, Sudan"
Baga Manduri,Definitely endangered,4000,10.0986,-14.0405,1,Guinea
Baga Sitemu,Severely endangered,4000,10.1094,-14.1586,1,Guinea
Botlikh,Definitely endangered,4000,42.6602,46.2222,1,Russian Federation
Bunan,Definitely endangered,4000,32.7503,76.2451,1,India
Cashinahua (Peru),Definitely endangered,4000,-10.3581,-71.5869,1,Peru
Cha'palaa,Definitely endangered,4000,0.9386,-79.0055,1,Ecuador
Evenki (Manchuria),Severely endangered,4000,50.34,123.43,1,China
Gazhuo,Definitely endangered,4000,24.0959,102.5463,1,China
Godoberi,Definitely endangered,4000,42.643,46.1027,1,Russian Federation
"Kari'ña (Guyana, Suriname)",Severely endangered,4000,6.8828,-60.2929,2,"Guyana, Suriname"
Lishan Didan (Israel),Severely endangered,4000,32.0383,34.7827,1,Israel
Napu,Vulnerable,4000,-1.2882,120.2536,1,Indonesia
Rahambuu,Vulnerable,4000,-3.1898,121.0858,1,Indonesia
Shingsaba,Vulnerable,4000,27.7163,87.4731,2,"China, Nepal"
Sinkiang Dagur,Definitely endangered,4000,46.7737,83.0017,1,China
Taa,Definitely endangered,4000,-24.1367,20.1049,1,Botswana
Tennet,Vulnerable,4000,4.8611,33.2226,1,Sudan
Wapishana (Brazil),Definitely endangered,4000,2.8113,-61.2377,1,Brazil
Yagua,Definitely endangered,4000,-3.3598,-72.3779,1,Peru
Yanomám,Vulnerable,4000,3.3818,-63.8085,1,Brazil
Yanomami (Venezuela),Vulnerable,4000,2.5918,-64.7314,1,Venezuela (Bolivarian Republic of)
Younuo Bunu,Definitely endangered,4000,25.1463,106.5405,1,China
Zenaga (Mauritania),Severely endangered,4000,17.3086,-13.0078,1,Mauritania
Baghati,Critically endangered,3976,31.194,77.0471,1,India
Bharmauri,Definitely endangered,3976,32.4912,76.8383,1,India
Uspantek,Vulnerable,3971,15.3475,-90.8684,1,Guatemala
Khang Quang Lam,Severely endangered,3921,22.0333,102.6666,1,Viet Nam
Konni,Vulnerable,3800,10.3311,-1.6973,1,Ghana
Tocho,Severely endangered,3800,10.8764,30.1135,1,Sudan
Nupri,Definitely endangered,3776,28.6384,84.6079,1,Nepal
Ayoreo,Definitely endangered,3700,-18.719,-59.6228,1,Bolivia (Plurinational State of)
Moyon,Definitely endangered,3700,24.4171,94.378,1,India
Utsat,Definitely endangered,3700,18.2727,109.3871,1,China
Nayi,Vulnerable,3656,7.2698,36.1724,1,Ethiopia
Mussau-Emira,Definitely endangered,3651,-1.4774,149.6392,1,Papua New Guinea
Narim,Definitely endangered,3623,4.9048,34.2224,1,Sudan
Garífuna (Guatemala),Vulnerable,3564,15.8268,-88.7506,1,Guatemala
Nachiring,Severely endangered,3553,27.4144,86.7521,1,Nepal
Eastern Popoloc,Vulnerable,3544,18.3322,-97.3471,1,Mexico
Nding,Critically endangered,3513,10.4121,30.6024,1,Sudan
Anung (Myanmar),Severely endangered,3500,27.2,98.6333,1,Myanmar
Camsá,Definitely endangered,3500,0.8788,-76.7724,1,Colombia
Crow,Definitely endangered,3500,45.5963,-107.4613,1,United States of America
Sak (Myanmar),Vulnerable,3500,21.2333,93.0761,1,Myanmar
Shwai,Critically endangered,3500,11.3184,30.4156,1,Sudan
Wano,Definitely endangered,3500,-3.5463,137.9058,1,Indonesia
Northwestern Ojibwe,Vulnerable,3465,52.0016,-95.4274,1,Canada
Bakpinka,Critically endangered,3416,5.3644,8.2397,1,Nigeria
Morokodo,Severely endangered,3400,6.0313,29.7949,1,Sudan
Eloxochitlán Mazatec,Vulnerable,3384,18.1754,-96.8765,1,Mexico
Menik,Definitely endangered,3375,12.7528,-12.2717,1,Senegal
Teribe (Panama),Definitely endangered,3305,9.4472,-82.5166,1,Panama
Tima,Severely endangered,3305,11.7033,29.1934,1,Sudan
Mursi,Vulnerable,3278,5.5831,36.5075,1,Ethiopia
Pendau,Vulnerable,3200,0.1922,120.0091,1,Indonesia
Ayautla Mazatec,Vulnerable,3192,18.019,-96.7441,1,Mexico
Yucatec,Definitely endangered,3155,17.0922,-89.1221,1,Belize
Eastern Tlapanec,Vulnerable,3088,17.8135,-98.604,1,Mexico
Juhur (Caucasus),Definitely endangered,3016,42.0044,48.2409,2,"Azerbaijan, Russian Federation"
Awjila,Severely endangered,3000,26.6278,24.5214,1,Libyan Arab Jamahiriya
Baleasang,Definitely endangered,3000,-0.0494,119.685,1,Indonesia
Benga,Definitely endangered,3000,0.9997,9.8657,2,"Gabon, Equatorial Guinea"
Besoa,Vulnerable,3000,-1.7163,120.4211,1,Indonesia
Boni,Definitely endangered,3000,-0.8294,40.8142,1,Kenya
Bonjo,Severely endangered,3000,1.7712,17.9598,1,Congo
Brokshat,Definitely endangered,3000,34.6478,76.4978,1,India
Budukh,Severely endangered,3000,41.1207,48.3233,1,Azerbaijan
East Greenlandic,Definitely endangered,3000,65.6061,-37.6858,1,Greenland (Kingdom of Denmark)
Eastern Khanty,Definitely endangered,3000,61.2491,74.5092,1,Russian Federation
Fyem,Severely endangered,3000,9.6332,8.8632,1,Nigeria
Geta?,Severely endangered,3000,18.2293,82.727,1,India
Gura,Severely endangered,3000,10.075,6.8499,1,Nigeria
Harsusi,Definitely endangered,3000,19.9372,56.2637,1,Oman
Hozo,Definitely endangered,3000,9.3352,34.53,1,Ethiopia
Jemez,Vulnerable,3000,35.6151,-106.7242,1,United States of America
Kamara,Definitely endangered,3000,9.0858,-2.2576,1,Ghana
Kapingamarangi,Severely endangered,3000,1.0828,154.8081,1,Micronesia (Federated States of)
Koitabu,Vulnerable,3000,-9.346,147.1179,1,Papua New Guinea
Kuk,Definitely endangered,3000,6.4326,10.2365,1,Cameroon
Lai,Definitely endangered,3000,24.4871,105.216,1,China
Lishanid Noshan (Israel),Severely endangered,3000,31.7188,34.7772,1,Israel
Lude,Severely endangered,3000,61.5867,33.6813,1,Russian Federation
"Mbya Guarani (Argentina, Uruguay)",Severely endangered,3000,-29.6116,-57.4804,2,"Argentina, Uruguay"
"Mohawk (Akwesasne, St. Regis)",Definitely endangered,3000,45.0033,-74.6497,1,United States of America
Nanay,Severely endangered,3000,49.3537,136.5243,2,"China, Russian Federation"
Panare,Vulnerable,3000,6.5445,-66.4233,1,Venezuela (Bolivarian Republic of)
Pilagá,Vulnerable,3000,-25.4035,-58.6669,1,Argentina
Pitjantjatjara,Vulnerable,3000,-26.0719,129.9517,1,Australia
Pukur,Definitely endangered,3000,10.4013,-14.4799,1,Guinea
Rotuman,Vulnerable,3000,-12.5063,177.0776,1,Fiji
Savi,Definitely endangered,3000,35.2085,71.845,2,"Pakistan, Afghanistan"
Sherdukpen,Vulnerable,3000,27.1935,92.351,1,India
Shira Yugur,Severely endangered,3000,39.1002,99.2065,1,China
Takahanyilang,Critically endangered,3000,6.85,93.8726,1,India
U,Definitely endangered,3000,23.4844,99.8404,1,China
Ulithian,Severely endangered,3000,10.0229,139.6801,1,Micronesia (Federated States of)
Waima'a,Definitely endangered,3000,-8.4995,126.3372,1,Timor-Leste
Warlpiri,Vulnerable,3000,-20.8177,131.6601,1,Australia
Yukpa,Vulnerable,3000,9.7956,-72.9382,1,Venezuela (Bolivarian Republic of)
Western Montagnais,Vulnerable,2980,48.9635,-68.5729,1,Canada
Waiwai (Brazil),Vulnerable,2916,-0.7909,-58.2714,1,Brazil
Jersey French,Severely endangered,2874,49.2211,-2.1368,1,United Kingdom of Great Britain and Northern Ireland
Bahing,Definitely endangered,2765,27.3126,86.5571,1,Nepal
Stoney,Vulnerable,2765,51.161,-114.8533,1,Canada
Southwestern Tepehuan,Vulnerable,2756,22.8349,-105.7276,1,Mexico
Northern Mansi,Severely endangered,2746,62.6539,63.1494,1,Russian Federation
Bisu,Definitely endangered,2740,19.715,99.6789,2,"Myanmar, Thailand"
Wari,Definitely endangered,2721,-11.7275,-65.0061,1,Brazil
Pakan,Definitely endangered,2700,23.7447,105.2235,1,China
Yami,Vulnerable,2700,22.0512,121.5403,1,China
Ko,Critically endangered,2683,10.6714,30.8386,1,Sudan
Yuracaré,Definitely endangered,2675,-16.6888,-65.4345,1,Bolivia (Plurinational State of)
Aimol,Critically endangered,2643,24.4971,93.6145,1,India
Kohi,Vulnerable,2641,27.3607,86.8661,1,Nepal
Chatino of the western lowlands,Definitely endangered,2640,16.3049,-97.5466,1,Mexico
Bolo,Definitely endangered,2627,-10.5526,14.9633,1,Angola
Logol,Severely endangered,2600,10.8521,30.6463,1,Sudan
Sila,Definitely endangered,2600,22.3094,102.041,2,"Lao People's Democratic Republic, Viet Nam"
Pisaflores Tepehua,Vulnerable,2578,20.6883,-98.0125,1,Mexico
Xerente,Severely endangered,2569,-9.3356,-48.2227,1,Brazil
Bribri (Panama),Severely endangered,2521,9.4813,-82.6174,1,Panama
Achuar,Definitely endangered,2500,-2.8991,-77.4316,2,"Ecuador, Peru"
Bai,Definitely endangered,2500,8.0592,25.5102,1,Sudan
Banka,Definitely endangered,2500,11.4261,-5.6744,1,Mali
Culina (Peru),Definitely endangered,2500,-9.6224,-70.7958,1,Peru
Gadang,Definitely endangered,2500,10.3473,17.2485,1,Chad
Khinalug,Severely endangered,2500,41.1579,48.0706,1,Azerbaijan
Laomian (China),Definitely endangered,2500,23.7645,100.0195,1,China
Laomian (Myanmar),Definitely endangered,2500,22.6833,99.25,1,Myanmar
Lhokpu,Definitely endangered,2500,26.9514,89.2968,1,Bhutan
Martuwangka,Vulnerable,2500,-24.1975,122.9589,1,Australia
Mayoruna (Peru),Vulnerable,2500,-5.5285,-73.4765,1,Peru
Pingelapese,Severely endangered,2500,6.2279,160.7107,1,Micronesia (Federated States of)
Rapanui,Severely endangered,2500,-27.108,-109.3579,1,Chile
Remo,Severely endangered,2500,19.1659,82.6391,1,India
Roshorvi,Severely endangered,2500,38.1086,72.1719,1,Tajikistan
Sanglechi,Severely endangered,2500,36.6585,71.4784,2,"Tajikistan, Afghanistan"
Semelai,Severely endangered,2500,3.1761,102.4818,1,Malaysia
Urak Lawoi (Malaysia),Definitely endangered,2500,6.4194,99.7869,1,Malaysia
Urak Lawoi (Thailand),Definitely endangered,2500,7.7756,98.3306,1,Thailand
Zirenkel,Definitely endangered,2500,12.136,18.4735,1,Chad
Vumbu,Definitely endangered,2460,-1.8783,10.816,1,Gabon
Mopán (Guatemala),Severely endangered,2455,16.5144,-89.4167,1,Guatemala
Cuiba,Severely endangered,2445,6.4463,-69.9389,2,"Colombia, Venezuela (Bolivarian Republic of)"
Raji,Severely endangered,2413,27.9721,82.3135,1,Nepal
Highland Chontal,Severely endangered,2410,16.2832,-95.857,1,Mexico
Yasa,Definitely endangered,2401,2.3284,9.8464,2,"Cameroon, Equatorial Guinea"
Bumbita Arapesh,Vulnerable,2353,-3.6449,142.8002,1,Papua New Guinea
Mang (China),Definitely endangered,2300,22.8293,103.1039,1,China
Mang (Viet Nam),Definitely endangered,2300,22.35,102.9666,1,Viet Nam
Tlachichilco Tepehua,Definitely endangered,2234,20.6205,-98.1991,1,Mexico
Blackfoot (Canada),Definitely endangered,2200,49.3535,-113.2884,1,Canada
Jaya,Severely endangered,2200,12.187,18.1645,1,Chad
Karipuna do Amapá,Vulnerable,2200,3.3379,-51.6796,1,Brazil
Kulfa,Definitely endangered,2200,9.9742,19.1848,1,Chad
Krahô,Vulnerable,2184,-8.4071,-47.2851,1,Brazil
Kristang,Severely endangered,2150,2.1935,102.256,1,Malaysia
Yine,Definitely endangered,2150,-11.4584,-73.0261,1,Peru
North Alaskan Inupiaq (Kotzebue Sound),Severely endangered,2144,66.8972,-162.5855,1,United States of America
North Alaskan Inupiaq (North Slope),Severely endangered,2144,71.2725,-156.7749,1,United States of America
Seward Peninsula Inupiaq (King Island),Critically endangered,2144,64.9728,-168.0616,1,United States of America
Seward Peninsula Inupiaq (Little Diomede Island),Critically endangered,2144,65.755,-168.9167,1,United States of America
Seward Peninsula Inupiaq (Norton Sound),Critically endangered,2144,64.5433,-163.029,1,United States of America
Katukína-Kanamarí,Vulnerable,2100,-5.6159,-68.7304,1,Brazil
Tiwi,Vulnerable,2100,-11.6091,130.8911,1,Australia
Zaozou,Vulnerable,2100,26.1554,99.2944,1,China
Ngäbere (Costa Rica),Definitely endangered,2041,8.4723,-82.9907,1,Costa Rica
Aiton,Severely endangered,2000,26.6523,94.2901,1,India
Anindilyakwa,Vulnerable,2000,-13.9987,136.582,1,Australia
Apurinã,Definitely endangered,2000,-5.4847,-63.8964,1,Brazil
Arrernte,Vulnerable,2000,-24.1668,132.0996,1,Australia
Ashkun,Definitely endangered,2000,34.9973,71.0746,1,Afghanistan
Ata,Critically endangered,2000,9.6081,122.9155,1,Philippines
Athpahariya,Definitely endangered,2000,26.952,87.3399,1,Nepal
Ava-Guaraní,Definitely endangered,2000,-23.1403,-64.3359,1,Argentina
Bayso,Definitely endangered,2000,6.4081,37.749,1,Ethiopia
Birhor,Critically endangered,2000,21.7594,85.935,1,India
Boano,Vulnerable,2000,0.4724,120.9979,1,Indonesia
Bori,Definitely endangered,2000,28.9889,94.4439,2,"China, India"
Chepya,Definitely endangered,2000,21.3833,101.8166,1,Lao People's Democratic Republic
Chilisso,Severely endangered,2000,35.2136,73.2396,1,Pakistan
Culina (Brazil),Vulnerable,2000,-7.1008,-68.7744,1,Brazil
Damana,Definitely endangered,2000,10.9196,-73.4985,1,Colombia
Duguza,Definitely endangered,2000,9.9039,9.1186,1,Nigeria
Galibi Marworno,Vulnerable,2000,3.4256,-52.0312,1,Brazil
Gats'ama - Ganjule - Harro,Definitely endangered,2000,5.9548,37.5292,1,Ethiopia
Gebe,Vulnerable,2000,-0.1922,129.5397,1,Indonesia
Ghadames,Vulnerable,2000,30.1166,9.5251,1,Libyan Arab Jamahiriya
Griko (Calabria),Severely endangered,2000,37.9961,15.9329,1,Italy
Huilliche,Critically endangered,2000,-40.4803,-73.5424,1,Chile
Ik,Severely endangered,2000,3.5024,34.1894,1,Uganda
Jangshung,Definitely endangered,2000,31.7748,78.4753,1,India
Jero,Vulnerable,2000,27.2241,86.3909,1,Nepal
Kari'ña (French Guyana),Definitely endangered,2000,5.5066,-53.6572,1,French Guiana (France)
Kona,Severely endangered,2000,9.0587,11.2829,1,Nigeria
Koreguaje,Definitely endangered,2000,1,-75,1,Colombia
Koryak,Severely endangered,2000,61.8561,168.6621,1,Russian Federation
Kota,Critically endangered,2000,11.4154,76.8576,1,India
Logorik,Critically endangered,2000,11.1433,29.8306,1,Sudan
Lule Saami,Severely endangered,2000,67.272,17.7978,2,"Norway, Sweden"
Luro,Critically endangered,2000,7.915,93.3837,1,India
Mambai,Severely endangered,2000,9.6007,14.0899,1,Chad
Milang,Definitely endangered,2000,28.488,95.2954,1,India
Mocoví,Definitely endangered,2000,-27.6056,-59.7656,1,Argentina
Momuna,Vulnerable,2000,-5,139,1,Indonesia
Mpi,Definitely endangered,2000,18.2554,100.2227,1,Thailand
Muda,Vulnerable,2000,21.8421,100.6851,1,China
Munji,Severely endangered,2000,36.0379,70.6723,1,Afghanistan
Nguon,Vulnerable,2000,17.5333,105.3833,1,Viet Nam
Nheengatu / Yeral (Venezuela),Severely endangered,2000,1.2303,-66.8408,1,Venezuela (Bolivarian Republic of)
Nihali,Critically endangered,2000,20.5402,76.0913,1,India
Nyishangba,Definitely endangered,2000,28.6423,84.1017,1,Nepal
Ottawa (Walpole Island),Severely endangered,2000,42.6068,-82.5195,2,"Canada, United States of America"
Prasun,Definitely endangered,2000,35.3543,71.26,1,Afghanistan
Rukai,Vulnerable,2000,22.792,120.8104,1,China
Sáliba,Severely endangered,2000,5.3097,-69.873,2,"Colombia, Venezuela (Bolivarian Republic of)"
Sangkong,Vulnerable,2000,21.5158,100.6957,1,China
Sarwa,Definitely endangered,2000,10.5958,17.0397,1,Chad
Shoshoni (Idaho),Severely endangered,2000,43.0438,-112.4629,1,United States of America
Shoshoni (Nevada),Severely endangered,2000,40.0358,-113.9835,1,United States of America
Shoshoni (Wyoming),Severely endangered,2000,43.014,-108.8209,1,United States of America
Tai Phake,Severely endangered,2000,27.5033,95.2185,1,India
Tamazight (Arzew),Critically endangered,2000,35.5869,-0.4737,1,Algeria
Tanglang,Vulnerable,2000,26.0863,99.7119,1,China
Tchitchege,Definitely endangered,2000,-1.8508,13.612,1,Gabon
Tinan,Definitely endangered,2000,32.519,77.6733,2,"China, India"
Tsafiki,Definitely endangered,2000,-0.25,-79.15,1,Ecuador
Ukhwejo,Severely endangered,2000,3.3626,16.0565,1,Central African Republic
Urarina,Vulnerable,2000,-4.3464,-75.3002,1,Peru
Ushojo,Definitely endangered,2000,35.0209,72.897,1,Pakistan
Waigali,Definitely endangered,2000,35.1895,71.1941,1,Afghanistan
Waotededo,Vulnerable,2000,-1.1864,-76.6296,1,Ecuador
Wotapuri-Katarqalai,Definitely endangered,2000,34.4166,70.3333,1,Afghanistan
Wutun,Definitely endangered,2000,35.791,102.4365,1,China
Candoshi,Definitely endangered,1900,-3.7107,-76.9042,1,Peru
Hupda (Brazil),Vulnerable,1900,0.7909,-68.247,1,Brazil
Kendeje,Definitely endangered,1859,13.6299,21.5771,1,Chad
Hunzib,Definitely endangered,1839,42.1654,46.2991,1,Russian Federation
Tchumbuli,Critically endangered,1838,8.7113,2.1533,1,Benin
Cashibo-Cacataibo,Definitely endangered,1800,-8.9393,-75.0915,1,Peru
Grass Koiari,Vulnerable,1800,-9.4558,147.5559,1,Papua New Guinea
Isirawa,Vulnerable,1800,-1.8783,138.5485,1,Indonesia
Lanoh,Critically endangered,1800,5.2509,101.0206,1,Malaysia
Lemolang,Vulnerable,1800,-2.6303,120.1849,1,Indonesia
Nila (Seram Island),Definitely endangered,1800,-3.2173,128.9849,1,Indonesia
Shixing,Definitely endangered,1800,28.5263,100.4734,1,China
Chuj (Mexico),Critically endangered,1771,16.1203,-92.0407,1,Mexico
Darma,Definitely endangered,1761,30.0037,80.5641,2,"India, Nepal"
Kung,Severely endangered,1750,6.5227,10.1074,1,Cameroon
Lokono (Guyana),Critically endangered,1750,6.2934,-58.0957,2,"Guyana, Venezuela (Bolivarian Republic of)"
Byangsi,Definitely endangered,1734,30.0595,80.7824,2,"India, Nepal"
Pasing,Definitely endangered,1732,21.1254,101.4697,1,Lao People's Democratic Republic
Yamphu,Definitely endangered,1722,27.5935,87.3316,1,Nepal
Andio,Vulnerable,1700,-0.8514,123.1457,1,Indonesia
Cheyenne (Montana),Definitely endangered,1700,45.5495,-106.5263,1,United States of America
Kumzari,Severely endangered,1700,26.1936,56.2431,1,Oman
Quechua of Yauyos,Critically endangered,1700,-12.9081,-75.6958,1,Peru
Bainouk-Samik,Severely endangered,1685,12.5733,-16.2652,1,Senegal
Côông,Definitely endangered,1676,22.5943,102.7455,1,Viet Nam
Dogrib,Vulnerable,1675,62.8292,-115.9904,1,Canada
Upland Yuman,Vulnerable,1650,36.2377,-112.7094,1,United States of America
Eastern Cuicatec,Vulnerable,1641,17.9666,-96.7166,1,Mexico
Tamazight (Ait Rouadi),Extinct,1637,32.5745,-5.9655,1,Morocco
Woleaian,Severely endangered,1631,7.3515,143.8769,1,Micronesia (Federated States of)
Huehuetla Tepehua,Definitely endangered,1603,20.46,-98.0761,1,Mexico
Kadiwéu,Definitely endangered,1600,-20.5222,-56.7237,1,Brazil
Southern Tiwa (Isleta Pueblo),Definitely endangered,1600,34.9057,-106.7066,1,United States of America
Southern Tiwa (Sandia Pueblo),Definitely endangered,1600,35.2516,-106.565,1,United States of America
Tewa (Arizona),Definitely endangered,1600,35.8334,-110.3798,1,United States of America
Tewa (New Mexico),Severely endangered,1600,36.053,-106.0708,1,United States of America
ǁGana,Vulnerable,1550,-21.7824,21.8971,1,Botswana
Akwáwa,Vulnerable,1548,-5.2441,-52.7014,1,Brazil
Chiquihuitlán Mazatec,Definitely endangered,1502,17.9953,-96.7449,1,Mexico
Apinajé,Vulnerable,1500,-6.0317,-47.5604,1,Brazil
Bashkarik,Severely endangered,1500,35.2893,72.6168,1,Pakistan
Chintang,Severely endangered,1500,26.9367,87.1991,1,Nepal
Forest Nenets,Severely endangered,1500,64.9188,77.7941,1,Russian Federation
Hupda (Colombia),Definitely endangered,1500,0.3845,-70.1367,1,Colombia
Jah Hut,Severely endangered,1500,3.6452,102.3065,1,Malaysia
Jeri,Severely endangered,1500,9.2647,-5.8666,1,Côte d'Ivoire
Jonkor Bourmataguil,Severely endangered,1500,11.4261,19.0145,1,Chad
K'emant,Severely endangered,1500,12.9349,37.2326,1,Ethiopia
Kanashi,Definitely endangered,1500,32.0406,77.1075,1,India
Karajá,Vulnerable,1500,-11.0921,-50.3393,1,Brazil
Karelian (Tikhvin),Severely endangered,1500,59.601,33.3544,1,Russian Federation
Kendem,Severely endangered,1500,5.7061,9.6377,1,Cameroon
Khamba,Definitely endangered,1500,29.0105,94.7653,2,"China, India"
Mayoruna (Brazil),Vulnerable,1500,-3.3379,-64.8413,1,Brazil
Mescalero-Chiricahua Apache (New Mexico),Definitely endangered,1500,33.1514,-105.7942,1,United States of America
Numao Bunu,Definitely endangered,1500,24.3902,107.2701,1,China
Orang Seletar,Severely endangered,1500,1.3387,103.464,1,Malaysia
Palenque Creole,Definitely endangered,1500,10.0952,-75.1142,1,Colombia
Pyuma,Vulnerable,1500,22.8027,121.0748,1,China
Saaroa,Critically endangered,1500,23.1283,120.7062,1,China
Saluan,Vulnerable,1500,-0.8129,122.871,1,Indonesia
Semaq Beri,Critically endangered,1500,4.0012,102.8443,1,Malaysia
Talodi,Critically endangered,1500,10.6902,30.3964,1,Sudan
Wayana (Suriname),Vulnerable,1500,2.7455,-54.58,1,Suriname
Wik Mungkan,Vulnerable,1500,-12.9403,141.9873,1,Australia
Natsilingmiutut,Vulnerable,1455,68.643,-95.8863,1,Canada
Movima,Severely endangered,1452,-13.7954,-65.4345,1,Bolivia (Plurinational State of)
Ngombe,Definitely endangered,1450,3.9492,15.2352,1,Central African Republic
Cinta Larga,Vulnerable,1440,-11.4154,-59.7216,1,Brazil
Dupaninan Agta,Vulnerable,1400,17.9682,122.0361,1,Philippines
Tese,Critically endangered,1400,11.2161,29.8471,1,Sudan
Bororo,Definitely endangered,1390,-15.5172,-53.1024,1,Brazil
Puluwat,Severely endangered,1364,7.5803,149.425,1,Micronesia (Federated States of)
Kanela Rankokamekra,Vulnerable,1337,-6.075,-44.9121,1,Brazil
Saba,Definitely endangered,1335,11.1487,18.0175,1,Chad
Kurripako (Brazil),Vulnerable,1332,0.7001,-68.3789,1,Brazil
Guernsey French,Severely endangered,1327,49.4502,-2.5927,1,United Kingdom of Great Britain and Northern Ireland
Paafang,Severely endangered,1318,7.6198,155.1571,1,Micronesia (Federated States of)
Chɨlɨng,Definitely endangered,1314,26.9483,87.2527,1,Nepal
Cypriot Arabic,Severely endangered,1300,35.3196,33.338,1,Cyprus
Palikur (Brazil),Vulnerable,1300,4.0396,-51.7236,1,Brazil
Sanenyo,Critically endangered,1300,7.9504,93.576,1,India
Tecóatl Mazatec,Vulnerable,1300,18.1653,-96.9124,1,Mexico
Ozomatlán Totonac,Critically endangered,1276,20.1766,-98.0527,1,Mexico
Kāgate,Definitely endangered,1273,27.5449,86.2925,1,Nepal
Maxakali,Vulnerable,1271,-16.5519,-40.3417,1,Brazil
Murik,Vulnerable,1256,-3.8368,144.2807,1,Papua New Guinea
Pengo,Critically endangered,1254,19.0621,83.4851,1,India
Marúbo,Vulnerable,1252,-6.0968,-70.2246,1,Brazil
Aivilingmiutut,Vulnerable,1245,64.1657,-83.243,1,Canada
Besme,Severely endangered,1228,9.6386,16.018,1,Chad
Oirata,Definitely endangered,1221,-8.0755,127.1777,1,Indonesia
Lohorung,Severely endangered,1207,27.4266,87.2498,1,Nepal
Harakmbut,Definitely endangered,1206,-12.9403,-70.2685,1,Peru
Buyang,Severely endangered,1200,23.4146,105.7632,1,China
Mah Meri,Severely endangered,1200,2.836,101.4299,1,Malaysia
Manjui,Definitely endangered,1200,-23.1201,-62.7539,3,"Argentina, Bolivia (Plurinational State of), Paraguay"
Te'un (Seram Island),Definitely endangered,1200,-3.1843,128.9465,1,Indonesia
Tsou,Vulnerable,1200,23.5174,120.8564,1,China
Ujir,Definitely endangered,1200,-5.6105,134.2776,1,Indonesia
White Gelao (China),Severely endangered,1200,26.4894,105.021,1,China
Northern Algonquin,Vulnerable,1180,48.0616,-77.3521,1,Canada
Akawaio (Brazil),Vulnerable,1170,4.1711,-60.249,1,Brazil
Huehuetlán Mazatec,Vulnerable,1169,18.1964,-96.9471,1,Mexico
Trio (Brazil),Vulnerable,1156,1.7136,-55.2392,1,Brazil
Savo,Definitely endangered,1147,-9.1292,159.8071,1,Solomon Islands
Tektitek,Definitely endangered,1144,15.3073,-92.0609,1,Guatemala
Fwâi,Vulnerable,1131,-20.7048,164.9034,1,New Caledonia (France)
Waimirí-Atroarí,Vulnerable,1120,-1.0985,-60.8203,1,Brazil
Guayabero,Definitely endangered,1118,2.6028,-72.3999,1,Colombia
Fagauvea (Northern),Vulnerable,1107,-20.4089,166.5444,1,New Caledonia (France)
Fagauvea (Southern),Vulnerable,1107,-20.7381,166.4126,1,New Caledonia (France)
Fania,Severely endangered,1100,10.0581,18.3993,1,Chad
Ubi,Severely endangered,1100,12.1534,18.6946,1,Chad
Warnang,Severely endangered,1100,10.6538,30.6298,1,Sudan
Itzá,Critically endangered,1094,16.9838,-89.899,1,Guatemala
Koireng,Critically endangered,1056,24.2319,93.7463,1,India
Chipaya,Definitely endangered,1050,-19.2074,-68.2031,1,Bolivia (Plurinational State of)
Mokilese,Critically endangered,1050,6.6864,159.7631,1,Micronesia (Federated States of)
Toda,Critically endangered,1006,11.3184,76.8273,1,India
Adabe,Vulnerable,1000,-8.2549,125.5737,1,Timor-Leste
Alutor,Severely endangered,1000,60.2016,165.4238,1,Russian Federation
Arapaho (Wyoming),Severely endangered,1000,43.0139,-108.8214,1,United States of America
Beeke,Severely endangered,1000,0.9997,28.7951,1,Democratic Republic of the Congo
Blackfoot (United States of America),Definitely endangered,1000,48.5699,-113.0918,1,United States of America
Bohtan Neo-Aramaic,Severely endangered,1000,41.5579,45.0219,2,"Georgia, Russian Federation"
Bola,Definitely endangered,1000,25.0638,98.2414,1,China
Bong'om,Definitely endangered,1000,1.1315,35.0134,1,Kenya
Bora,Vulnerable,1000,-2.7455,-71.8835,2,"Colombia, Peru"
Central Siberian Yupik (St. Lawrence Island),Definitely endangered,1000,63.7444,-171.7242,1,United States of America
Chali,Definitely endangered,1000,27.301,91.2991,1,Bhutan
Cherokee (North Carolina),Severely endangered,1000,35.113,-84.0588,1,United States of America
Cocama-Cocamilla (Peru),Severely endangered,1000,-4.8282,-74.2565,1,Peru
Dair,Severely endangered,1000,12.517,30.5914,1,Sudan
Dakpa,Definitely endangered,1000,27.3937,91.8965,2,"Bhutan, India"
Dampelas,Definitely endangered,1000,0.2005,119.8965,1,Indonesia
Danaw,Critically endangered,1000,21.192,97.3937,1,Myanmar
Ega,Severely endangered,1000,5.8018,-5.4492,1,Côte d'Ivoire
El Hugeirat,Severely endangered,1000,12.3131,28.4243,1,Sudan
Faghani,Vulnerable,1000,-10.4337,161.5979,1,Solomon Islands
Fongoro,Severely endangered,1000,11.1029,22.7197,1,Chad
Gambiri,Severely endangered,1000,34.9017,70.9085,1,Afghanistan
Gongduk,Vulnerable,1000,27.086,91.2002,1,Bhutan
Gorap,Definitely endangered,1000,2.1528,128.2516,1,Indonesia
Guugu Yimidhirr,Vulnerable,1000,-14.8598,144.7338,1,Australia
Gyem,Critically endangered,1000,10.3865,9.3122,1,Nigeria
Habu,Vulnerable,1000,-8.7819,126.0021,1,Timor-Leste
Hawaiian,Critically endangered,1000,21.9226,-160.1147,1,United States of America
Hértevin,Critically endangered,1000,37.9268,42.5473,1,Turkey
Hu,Definitely endangered,1000,22.1743,100.9264,1,China
Hualapai,Vulnerable,1000,35.5279,-113.4297,1,United States of America
Hung,Definitely endangered,1000,18.9062,105.05,2,"Lao People's Democratic Republic, Viet Nam"
Inkhokvari,Definitely endangered,1000,42.3981,46.0299,1,Russian Federation
Ishkashimi,Severely endangered,1000,36.6915,71.7668,1,Tajikistan
Iyive,Severely endangered,1000,6.4354,9.5278,1,Cameroon
Jiongnai Bunu,Definitely endangered,1000,23.3902,108.5135,1,China
Kaande,Severely endangered,1000,-0.1318,11.8103,1,Gabon
Kaco',Definitely endangered,1000,13.934,107.4222,1,Cambodia
Kadu,Severely endangered,1000,24.2042,95.6332,1,Myanmar
Kairui-Midiki,Vulnerable,1000,-8.7222,126.2878,1,Timor-Leste
Kari,Severely endangered,1000,4.8392,25.5432,1,Democratic Republic of the Congo
Kayabi,Vulnerable,1000,-11.1972,-53.2342,1,Brazil
Khowa,Definitely endangered,1000,27.2546,92.5323,1,India
Kodeoha,Vulnerable,1000,-3.4147,120.9155,1,Indonesia
Kujarge,Definitely endangered,1000,11.749,22.2431,1,Chad
Kukatja,Vulnerable,1000,-21.2074,126.4746,1,Australia
Kuot,Vulnerable,1000,-3.0692,151.5234,1,Papua New Guinea
Lokono (Suriname),Severely endangered,1000,5.6487,-55.1074,2,"French Guiana (France), Suriname"
Mahongwe,Severely endangered,1000,1.0216,13.9031,1,Gabon
May,Definitely endangered,1000,18.0623,105.5786,2,"Lao People's Democratic Republic, Viet Nam"
Mbara,Severely endangered,1000,10.8009,15.6335,1,Chad
Mech,Severely endangered,1000,26.5688,89.1979,1,India
Mòcheno,Definitely endangered,1000,46.1194,11.3258,1,Italy
Naueti,Vulnerable,1000,-8.7357,126.7053,1,Timor-Leste
North Greenlandic,Definitely endangered,1000,77.4815,-69.3511,1,Greenland (Kingdom of Denmark)
Ormuri,Definitely endangered,1000,32.518,69.783,2,"Pakistan, Afghanistan"
Paiter,Vulnerable,1000,-11.1245,-61.3476,1,Brazil
Pareci,Definitely endangered,1000,-14.3525,-58.0174,1,Brazil
Pasi,Definitely endangered,1000,28.1834,95.2651,1,India
Resian,Definitely endangered,1000,46.3734,13.3058,1,Italy
Sach,Definitely endangered,1000,17.78,105.7666,2,"Lao People's Democratic Republic, Viet Nam"
Sake,Severely endangered,1000,-0.0247,11.7691,1,Gabon
Saterlandic,Severely endangered,1000,53.1059,7.6787,1,Germany
She,Critically endangered,1000,23.3333,115.2459,1,China
Shumashti,Severely endangered,1000,34.6108,70.7569,1,Afghanistan
Sighu,Severely endangered,1000,-0.0549,13.5461,1,Gabon
Sobei,Definitely endangered,1000,-1.8632,138.7408,1,Indonesia
Thavung (Laos),Definitely endangered,1000,18.4666,104.6666,2,"Lao People's Democratic Republic, Thailand"
Tirma,Critically endangered,1000,6.4899,34.3212,1,Sudan
Tombelala,Vulnerable,1000,-2.5315,121.9454,1,Indonesia
Toto,Critically endangered,1000,26.6867,89.5056,1,India
Trio (Suriname),Vulnerable,1000,2.1528,-56.3818,1,Suriname
Tum,Definitely endangered,1000,18.7,105.05,1,Lao People's Democratic Republic
Tuotomb,Severely endangered,1000,4.4449,10.371,1,Cameroon
Yatê,Severely endangered,1000,-7.0136,-37.0458,1,Brazil
Zaiwa,Definitely endangered,1000,28.4735,96.4764,2,"China, India"
Zay,Severely endangered,1000,8.0728,38.8476,1,Ethiopia
Zenaga (Western Sahara),Critically endangered,1000,22.2687,-13.7109,1,Western Sahara
|Gui,Vulnerable,1000,-21.8385,21.7858,1,Botswana
ǁAni,Definitely endangered,1000,-18.6462,22.1319,1,Botswana
Ka'apór,Vulnerable,991,-2.8991,-46.3183,1,Brazil
Hadza,Vulnerable,975,-3.401,35.3897,1,United Republic of Tanzania
Kunwinjku,Vulnerable,974,-12.1333,133.4014,1,Australia
Bakairi,Vulnerable,950,-14.4213,-54.0305,1,Brazil
Drubea,Vulnerable,946,-22.0347,166.5527,1,New Caledonia (France)
Namonuito,Severely endangered,944,8.6299,150.0128,1,Micronesia (Federated States of)
Hya,Severely endangered,940,10.3311,13.5269,2,"Cameroon, Nigeria"
Machineri (Brazil),Vulnerable,937,-10.5742,-70.4882,1,Brazil
South Slavey,Definitely endangered,920,61.8154,-121.3346,1,Canada
Wajãpi,Vulnerable,905,0.747,-52.8442,1,Brazil
Mewahang,Severely endangered,904,27.5441,87.1401,1,Nepal
Awapit,Severely endangered,900,1.0985,-78.706,1,Ecuador
Chimila,Severely endangered,900,10.0986,-73.894,1,Colombia
Kua,Definitely endangered,900,-22.7106,26.4605,1,Botswana
Njalgulgule,Severely endangered,900,8.4452,25.3015,1,Sudan
Pech,Severely endangered,900,15.0819,-85.5552,1,Honduras
Rikbaktsa,Severely endangered,900,-10.6174,-58.2714,1,Brazil
Caac,Vulnerable,890,-20.3883,164.5614,1,New Caledonia (France)
Inuinnaqtun,Definitely endangered,890,67.8443,-115.2742,1,Canada
Voh-Koné dialects,Definitely endangered,878,-20.9665,164.7866,1,New Caledonia (France)
Kuna (Colombia),Severely endangered,876,7.8633,-76.9042,1,Colombia
Dení,Vulnerable,875,-6.5773,-68.1591,1,Brazil
Tarao,Critically endangered,870,24.297,93.4497,1,India
Santa María del Mar Huave,Severely endangered,862,16.2166,-94.85,1,Mexico
Nukuoro,Definitely endangered,860,3.8574,154.9786,1,Micronesia (Federated States of)
Kumak,Vulnerable,847,-20.1278,164.0259,1,New Caledonia (France)
Pukapukan,Definitely endangered,840,-10.871,-165.8441,1,Cook Islands
Lola,Vulnerable,830,-6.3316,134.8818,1,Indonesia
Ashaninka (Brazil),Vulnerable,813,-9.3786,-73.1414,1,Brazil
Ottawa (Canada),Severely endangered,810,46.1519,-82.2243,2,"Canada, United States of America"
Bati,Severely endangered,800,4.2012,10.7858,1,Cameroon
Chorote Iyojwa'ja,Severely endangered,800,-24.287,-60.3808,2,"Argentina, Paraguay"
Eman,Severely endangered,800,6.0531,9.7338,1,Cameroon
Isu,Severely endangered,800,4.0094,9.5745,1,Cameroon
Jamamadí,Vulnerable,800,-9.0424,-68.3789,1,Brazil
Javaé,Definitely endangered,800,-11.1568,-50.4711,1,Brazil
Nubaca,Severely endangered,800,4.2971,10.7446,1,Cameroon
Piaroa (Colombia),Definitely endangered,800,4,-68.6666,1,Colombia
Taos,Definitely endangered,800,36.4717,-105.5596,1,United States of America
Taulil,Vulnerable,800,-4.5435,152.0397,1,Papua New Guinea
Tuyuca (Brazil),Vulnerable,800,0.4394,-66.8847,1,Brazil
Kaike,Definitely endangered,794,28.9642,82.9819,1,Nepal
Kildin Saami,Severely endangered,787,68.0075,35.0079,1,Russian Federation
Ese eja,Definitely endangered,782,-12.5867,-69.0161,2,"Bolivia (Plurinational State of), Peru"
Central Cagayan Agta,Vulnerable,779,17.9891,121.8603,1,Philippines
Jaqaru,Severely endangered,750,-12.7488,-75.8248,1,Peru
Waiwai (Suriname),Critically endangered,750,2.1528,-56.206,1,Suriname
Laal,Critically endangered,749,9.9607,17.6083,1,Chad
Ulcha,Critically endangered,732,52.0457,140.4162,1,Russian Federation
Jawe,Vulnerable,729,-20.4913,164.696,1,New Caledonia (France)
Maslam,Severely endangered,723,12.136,14.6914,2,"Cameroon, Chad"
Nambiquara do Sul,Vulnerable,721,-13.2506,-59.5404,1,Brazil
North Slavey,Definitely endangered,720,65.2161,-123.4362,1,Canada
Gitksan,Severely endangered,710,55.355,-127.6828,1,Canada
A'ingae / Cofan (Ecuador),Definitely endangered,700,0.0659,-76.7065,1,Ecuador
Animere,Critically endangered,700,7.6129,0.4064,1,Ghana
Batek,Critically endangered,700,4.6695,102.5051,1,Malaysia
Enggano,Vulnerable,700,-5.4191,102.2717,1,Indonesia
Indri,Severely endangered,700,8.4397,25.5926,1,Sudan
Kalaw Lagaw Ya,Definitely endangered,700,-10.0828,142.1081,1,Australia
Lakon,Vulnerable,700,-14.251,167.422,1,Vanuatu
Mok (China),Definitely endangered,700,21.5158,100.221,1,China
Ngaanyatjarra,Vulnerable,700,-26.037,124.541,1,Australia
Piratapuya (Brazil),Severely endangered,700,0.5712,-66.7089,1,Brazil
Mountain Guarijío,Vulnerable,696,27.8758,-108.553,1,Mexico
Nivkh (Sakhalin),Severely endangered,688,51.7814,143.1628,1,Russian Federation
Krikati,Vulnerable,682,-5.8674,-46.7468,1,Brazil
Dakota,Definitely endangered,675,49.8461,-100.5035,1,Canada
Carrier,Severely endangered,660,54.2395,-125.7621,1,Canada
Kasanga,Critically endangered,650,12.2702,-16.1553,1,Guinea-Bissau
Wanano / Kotiria (Brazil),Vulnerable,650,0.6152,-67.5,1,Brazil
Eastern Ojibwe,Severely endangered,620,44.8381,-80.1983,1,Canada
Yuhup (Brazil),Vulnerable,617,-1.0546,-69.3896,1,Brazil
Akum,Critically endangered,600,6.73,9.9316,2,"Cameroon, Nigeria"
Blablanga,Definitely endangered,600,-8.206,159.4638,1,Solomon Islands
Bubia,Severely endangered,600,4.0204,9.2037,1,Cameroon
Chickasaw,Severely endangered,600,34.6,-96.8161,1,United States of America
Desano (Brazil),Definitely endangered,600,0.0878,-67.9394,1,Brazil
Faetar,Definitely endangered,600,41.3265,15.1721,1,Italy
Hixkaryána,Vulnerable,600,-0.5493,-58.5131,1,Brazil
Hoava,Vulnerable,600,-8.1883,157.6036,1,Solomon Islands
Hodi,Vulnerable,600,6.075,-65.6323,1,Venezuela (Bolivarian Republic of)
Iñapari,Critically endangered,600,-12.0822,-69.7412,1,Peru
Koke,Severely endangered,600,10.8575,18.1315,1,Chad
Kowiai,Vulnerable,600,-3.9437,134.0881,1,Indonesia
Kuikuro,Vulnerable,600,-12.35,-53.21,1,Brazil
Laiyolo,Definitely endangered,600,-6.3862,120.4733,1,Indonesia
Mo'da,Critically endangered,600,6.5008,29.9377,1,Sudan
Northern Selkup,Severely endangered,600,65.7035,82.4441,1,Russian Federation
Penrhyn,Severely endangered,600,-9.0153,-158.0218,1,Cook Islands
Pintupi,Vulnerable,600,-22.8882,128.3203,1,Australia
Piratapuya (Colombia),Critically endangered,600,0.8333,-69.5,1,Colombia
Siona / Secoya (Ecuador),Severely endangered,600,-0.0659,-76.3989,1,Ecuador
Sonsorol,Severely endangered,600,7.4278,134.5495,1,Palau
Teanu,Definitely endangered,600,-11.6219,166.9633,1,Solomon Islands
Yaminahua (Brazil),Vulnerable,600,-10.6606,-69.6972,1,Brazil
Andoke,Severely endangered,597,-0.769,-72.2351,1,Colombia
Orowe,Definitely endangered,587,-21.4223,165.4678,1,New Caledonia (France)
Mosetén,Severely endangered,585,-15.4113,-67.5,1,Bolivia (Plurinational State of)
Norfolk-Pitcairn (Norfolk),Definitely endangered,580,-29.0225,167.9425,1,Norfolk Island (Australia)
Nunatsiavummiutut,Definitely endangered,575,56.532,-61.7408,1,Canada
Shuswap,Definitely endangered,570,51.7886,-122.2286,1,Canada
Xaragure,Vulnerable,566,-21.8054,166.4964,1,New Caledonia (France)
Tapirapé,Vulnerable,564,-10.6606,-50.4602,1,Brazil
Lacandón,Critically endangered,563,16.706,-91.0641,1,Mexico
Chilcotin,Definitely endangered,560,52.031,-123.1678,1,Canada
Chácobo,Definitely endangered,550,-11.3454,-65.8135,1,Bolivia (Plurinational State of)
Gao,Vulnerable,550,-8.3514,159.8167,1,Solomon Islands
Geme,Critically endangered,550,8.4941,20.6378,1,Central African Republic
Karore,Vulnerable,550,-6.1542,149.8205,1,Papua New Guinea
Yuhup (Colombia),Definitely endangered,550,-0.5493,-69.9169,1,Colombia
Hinukh,Definitely endangered,548,42.1801,45.977,1,Russian Federation
Anuki,Definitely endangered,542,-9.6522,149.7656,1,Papua New Guinea
Imeraguen,Definitely endangered,534,18.9166,-15.996,1,Mauritania
Narpa,Definitely endangered,533,28.7315,84.261,1,Nepal
Akatek (Mexico),Vulnerable,532,16.7823,-93.1061,1,Mexico
Naskapi,Vulnerable,525,54.903,-66.802,1,Canada
Archi,Definitely endangered,524,41.9839,46.8127,1,Russian Federation
Yawanawá,Vulnerable,519,-10.8333,-70.0927,1,Brazil
Raute,Severely endangered,518,28.9744,80.7969,1,Nepal
Seri,Vulnerable,518,29.2333,-112.2,1,Mexico
Western Popoloc,Severely endangered,516,18.4141,-98.0176,1,Mexico
Yaqui (United States of America),Definitely endangered,510,32.1158,-111.0638,1,United States of America
Kalapalo,Vulnerable,506,-12.1574,-53.2521,1,Brazil
Nganasan,Severely endangered,505,72.816,91.582,1,Russian Federation
Jakaltek (Mexico),Severely endangered,504,16.3137,-93.2084,1,Mexico
Aheu,Definitely endangered,500,18.4333,104.5,1,Lao People's Democratic Republic
Amahuaca,Severely endangered,500,-10.8764,-72.29,1,Peru
Anfillo,Critically endangered,500,8.5049,34.7415,1,Ethiopia
Baniva,Severely endangered,500,2.8333,-67.5219,1,Venezuela (Bolivarian Republic of)
Bataan Ayta,Definitely endangered,500,14.4324,120.4788,1,Philippines
Bats,Severely endangered,500,42.0982,45.0878,1,Georgia
Black Mountain,Definitely endangered,500,27.1955,90.43,1,Bhutan
Busoa,Vulnerable,500,-5.5722,122.6074,1,Indonesia
Chong,Severely endangered,500,12.9506,102.0374,2,"Cambodia, Thailand"
Domaaki,Severely endangered,500,36.0979,73.9627,1,Pakistan
Havasupai,Definitely endangered,500,36.2429,-112.6897,1,United States of America
Kensiw (Thailand),Severely endangered,500,7.1712,99.7915,1,Thailand
Khmin,Vulnerable,500,22.0469,100.8065,1,China
Khvarshi,Definitely endangered,500,42.3417,46.1212,1,Russian Federation
Laghuu,Definitely endangered,500,23.6166,105.6833,1,Viet Nam
Laha (Lao Cai),Definitely endangered,500,22.0333,103.75,1,Viet Nam
Laha (Son La),Definitely endangered,500,21.4666,103.75,1,Viet Nam
Majera,Critically endangered,500,11.3231,14.9839,1,Cameroon
Maliseet-Passamaquoddy,Severely endangered,500,44.9572,-67.0496,1,United States of America
Mikasuki,Vulnerable,500,26.3202,-80.9877,1,United States of America
Mlomp,Critically endangered,500,12.7421,-16.4904,1,Senegal
Onin,Vulnerable,500,-2.9745,132.2383,1,Indonesia
Ormu,Vulnerable,500,-2.5136,140.6675,1,Indonesia
Palikur (French Guyana),Severely endangered,500,3.908,-51.9873,1,French Guiana (France)
Pemon (Brazil),Vulnerable,500,4.664,-60.216,1,Brazil
Quechua of Chachapoyas,Critically endangered,500,-6.2606,-77.7722,1,Peru
Seke,Vulnerable,500,28.9282,83.8249,1,Nepal
Siona / Secoya (Colombia),Critically endangered,500,0.493,-76.2464,1,Colombia
South Saami,Severely endangered,500,64.2063,13.4802,2,"Norway, Sweden"
Taikat,Definitely endangered,500,-2.8429,140.846,1,Indonesia
Taloki,Definitely endangered,500,-4.5928,122.8628,1,Indonesia
Tamki,Critically endangered,500,11.48,18.2125,1,Chad
Tawahka,Severely endangered,500,15.3602,-85.1373,1,Honduras
Thavung (Thailand),Severely endangered,500,17.3168,103.5142,1,Thailand
Tomadino,Definitely endangered,500,-2.5836,121.9729,1,Indonesia
Toratán,Definitely endangered,500,1.0354,124.7985,1,Indonesia
Tunisian Judeo-Arabic (Tunisia),Critically endangered,500,33.8795,10.0634,1,Tunisia
"Ute (Colorado, Ute Mountain)",Severely endangered,500,37.2105,-108.7223,1,United States of America
Walmajarri,Definitely endangered,500,-19.9939,125.5297,1,Australia
Warekena (Venezuela),Severely endangered,500,2.5479,-67.2802,1,Venezuela (Bolivarian Republic of)
Boguru,Critically endangered,494,4.3902,29.2016,2,"Democratic Republic of the Congo, Sudan"
Pukobyê,Vulnerable,494,-5.3316,-46.7138,1,Brazil
Wali,Critically endangered,487,11.9372,29.3005,1,Sudan
Gavião do Pará,Vulnerable,476,-5.1784,-48.999,1,Brazil
Malecite,Definitely endangered,475,46.8023,-67.6686,2,"Canada, United States of America"
Ninam (Brazil),Vulnerable,466,3.1185,-62.9736,1,Brazil
Zoró,Vulnerable,464,-10.9519,-61.0729,1,Brazil
Sanema (Brazil),Vulnerable,462,2.8113,-63.0615,1,Brazil
Ixtenco Otomí,Severely endangered,461,19.2495,-97.8943,1,Mexico
Ottawa (Michigan),Critically endangered,459,43.5971,-84.7752,1,United States of America
Kanela Apaniekra,Vulnerable,458,-6.2716,-46.1865,1,Brazil
Satawal,Severely endangered,458,7.3406,147.041,1,Micronesia (Federated States of)
Chatino of Zacatepec,Definitely endangered,453,16.1333,-97.35,1,Mexico
Demisa,Definitely endangered,450,-2.7016,136.6699,1,Indonesia
Koasati (Louisiana),Definitely endangered,450,30.4855,-92.8494,1,United States of America
Koasati (Texas),Definitely endangered,450,30.7155,-94.6965,1,United States of America
Nanti,Vulnerable,450,-11.6629,-72.6965,1,Peru
Shabo,Severely endangered,450,7.327,35.2935,1,Ethiopia
Sharanahua,Severely endangered,450,-10.3365,-70.9277,1,Peru
Siona  Secoya (Peru),Definitely endangered,450,-0.5712,-74.8828,1,Peru
Tolomako,Definitely endangered,450,-15.1834,166.8438,1,Vanuatu
Enawenê-Nawê,Vulnerable,445,-12.5223,-59.7656,1,Brazil
Valle Nacional Chinantec,Definitely endangered,442,17.7747,-96.3034,1,Mexico
Gavião de Rondônia,Vulnerable,436,-10.4445,-61.6992,1,Brazil
Tabasco Náhuatl,Critically endangered,434,18.0026,-93.3722,1,Mexico
Sera,Severely endangered,432,-3.0033,141.9158,1,Papua New Guinea
Yecuana (Brazil),Vulnerable,430,2.8552,-63.3251,1,Brazil
Moose Cree,Vulnerable,405,52.2827,-81.6276,1,Canada
Tlahuica,Severely endangered,405,18.9664,-99.4137,1,Mexico
Katukina do Acre,Severely endangered,404,-6.4899,-69.2578,1,Brazil
Abai Sungai,Definitely endangered,400,5.587,118.3695,1,Malaysia
Barasana (Colombia),Critically endangered,400,0.0769,-70.3894,1,Colombia
Beezen,Severely endangered,400,6.7518,10.0744,1,Cameroon
Buga,Critically endangered,400,8.2495,25.7574,1,Sudan
Cheyenne (Oklahoma),Severely endangered,400,35.6022,-97.9766,1,United States of America
Cimbrian,Definitely endangered,400,45.867,11.4268,1,Italy
Cobiana,Critically endangered,400,12.4017,-16.3229,2,"Guinea-Bissau, Senegal"
Dagur (Amur),Critically endangered,400,49.5252,127.5402,1,China
Dahalo,Severely endangered,400,-2.2625,40.7537,1,Kenya
Émérillon,Severely endangered,400,2.8991,-52.8881,1,French Guiana (France)
Gagauz (Maritime),Severely endangered,400,43.2932,27.9602,2,"Bulgaria, Romania"
Hijuk,Critically endangered,400,4.2861,10.4919,1,Cameroon
Hobyot,Severely endangered,400,16.6388,53.0612,2,"Oman, Yemen"
Inari Saami,Severely endangered,400,68.8446,27.2817,1,Finland
Istriot,Severely endangered,400,45.0541,13.7246,1,Croatia
Kalao,Definitely endangered,400,-7.3134,121.0034,1,Indonesia
Kamaiurá,Vulnerable,400,-12.1655,-53.4292,1,Brazil
Kickapoo (Kansas),Severely endangered,400,39.6972,-95.7089,1,United States of America
Kickapoo (Oklahoma),Severely endangered,400,35.4245,-97.0713,1,United States of America
Kickapoo (Texas),Severely endangered,400,28.6147,-100.4386,1,United States of America
Kiowa,Severely endangered,400,35.1016,-98.6197,1,United States of America
Koroni,Definitely endangered,400,-2.6412,121.9894,1,Indonesia
Lamongse,Critically endangered,400,7.3134,93.6968,1,India
Ndunda,Severely endangered,400,6.9482,10.9698,1,Nigeria
Northern Paiute (Nevada),Definitely endangered,400,41.9979,-117.7193,1,United States of America
Pupeo,Definitely endangered,400,23.1666,105.1,1,China
Rapa,Severely endangered,400,-27.8973,-143.5034,1,French Polynesia (France)
Red Gelao (China),Critically endangered,400,26.2553,105.8571,1,China
Sengseng,Vulnerable,400,-6.0681,150.2792,1,Papua New Guinea
Sirionó,Severely endangered,400,-14.557,-63.7316,1,Bolivia (Plurinational State of)
Talondo,Definitely endangered,400,-2.3723,119.3774,1,Indonesia
"Yaminahua (Bolivia, Peru)",Severely endangered,400,-10.7469,-71.7297,2,"Bolivia (Plurinational State of), Peru"
Sanema (Venezuela),Vulnerable,393,4.4669,-64.1931,1,Venezuela (Bolivarian Republic of)
Pirahã,Vulnerable,389,-6.9264,-61.1279,1,Brazil
Yerong,Severely endangered,380,23.0732,106.0789,1,China
A'ingae / Cofan (Colombia),Severely endangered,379,0.4525,-76.9191,1,Colombia
Halkomelem,Severely endangered,375,48.7715,-123.6678,2,"Canada, United States of America"
Yudja,Vulnerable,362,-10.956,-53.3235,1,Brazil
Kisêdjê,Vulnerable,351,-11.5795,-53.031,1,Brazil
Auye,Vulnerable,350,-3.5627,135.9915,1,Indonesia
Awyi,Vulnerable,350,-2.943,140.6359,1,Indonesia
Bierebo,Vulnerable,350,-16.6539,168.1539,1,Vanuatu
Fayu,Vulnerable,350,-3.1,136.8,1,Indonesia
Labo,Vulnerable,350,-16.4492,167.4481,1,Vanuatu
Myky,Vulnerable,350,-12.5331,-59.5019,1,Brazil
Nadëb,Definitely endangered,350,-1.9771,-67.0166,1,Brazil
Taje,Critically endangered,350,-0.747,120.086,1,Indonesia
Tenharim,Severely endangered,350,-8.4071,-61.1499,1,Brazil
Mako,Critically endangered,345,4.2149,-65.7421,1,Venezuela (Bolivarian Republic of)
Barām,Critically endangered,342,28.041,84.629,1,Nepal
Ikpeng,Vulnerable,342,-11.7376,-53.616,1,Brazil
Araweté,Vulnerable,339,-5.1347,-52.3388,1,Brazil
Northern Pame,Definitely endangered,337,21.9955,-99.6458,1,Mexico
Thompson,Severely endangered,335,50.1909,-120.8431,1,Canada
Serili,Vulnerable,328,-8.1136,129.9023,1,Indonesia
Kaningara,Vulnerable,327,-4.5784,143.3612,1,Papua New Guinea
Misantla Totonac,Critically endangered,325,19.865,-96.7755,1,Mexico
Nemi,Definitely endangered,325,-20.6494,164.6878,1,New Caledonia (France)
Nambiquara do Norte,Vulnerable,323,-11.8028,-59.8095,1,Brazil
Matís,Vulnerable,322,-6.1405,-70.664,1,Brazil
Wauja,Vulnerable,321,-12.2554,-53.5899,1,Brazil
Benggoi,Definitely endangered,320,-3.0748,130.0918,1,Indonesia
Karitiana,Vulnerable,320,-9.7307,-64.0942,1,Brazil
Apalai,Vulnerable,317,1.2084,-55.1074,1,Brazil
Kwak'wala,Critically endangered,315,50.7338,-127.4982,2,"Canada, United States of America"
Tilung,Definitely endangered,310,27.1501,86.5077,1,Nepal
Opuuo,Critically endangered,307,8.3202,33.8873,1,Ethiopia
Panará,Vulnerable,306,-9.449,-54.5965,1,Brazil
Aka,Critically endangered,300,11.0112,34.2333,1,India
Bakole,Critically endangered,300,4.5764,8.8439,1,Cameroon
Bathari,Critically endangered,300,17.8846,55.5853,1,Oman
Brokkat,Definitely endangered,300,27.5618,90.6152,1,Bhutan
Duwet,Vulnerable,300,-6.4763,146.8377,1,Papua New Guinea
Faire Atta,Severely endangered,300,18.027,120.4929,1,Philippines
Green Gelao (China),Critically endangered,300,27.7022,106.0952,1,China
Green Gelao (Viet Nam),Critically endangered,300,23.1333,105.25,1,Viet Nam
Guatuso,Severely endangered,300,10.6723,-84.8256,1,Costa Rica
Gupapuyngu,Vulnerable,300,-12.6624,136.549,1,Australia
Istro-Romanian,Severely endangered,300,45.3907,14.436,1,Croatia
Jicarilla Apache,Severely endangered,300,36.9336,-106.9984,1,United States of America
Kandas,Vulnerable,300,-4.4121,152.7868,1,Papua New Guinea
Kangjia,Severely endangered,300,36.0757,102.2991,1,China
Kaxarari,Critically endangered,300,-9.5682,-66.1596,1,Brazil
Kwansu,Vulnerable,300,-2.5383,140.2061,1,Indonesia
Legenyem,Vulnerable,300,-0.3186,130.7345,1,Indonesia
Mandaic,Critically endangered,300,31.3348,48.7023,2,"Iran (Islamic Republic of), Iraq"
Mangareva,Severely endangered,300,-23.1226,-134.978,1,French Polynesia (France)
Mani,Critically endangered,300,9.1129,-13.2165,2,"Guinea, Sierra Leone"
Maniq,Definitely endangered,300,7.35,99.9333,1,Thailand
Mono,Critically endangered,300,8.6679,14.1723,1,Cameroon
Northern Paiute (Oregon),Critically endangered,300,43.5883,-119.0595,1,United States of America
Phong,Definitely endangered,300,18.3333,105,1,Lao People's Democratic Republic
Shanenawa,Vulnerable,300,-8.1014,-70.2129,1,Brazil
Sissano,Critically endangered,300,-3.0129,142.0491,1,Papua New Guinea
Skolt Saami,Severely endangered,300,69.5333,28.6269,3,"Finland, Norway, Russian Federation"
Tarpia,Severely endangered,300,-2.3723,140.0317,1,Indonesia
Tause,Vulnerable,300,-2.8744,136.2469,1,Indonesia
Thaayorre,Definitely endangered,300,-15.0867,141.7167,1,Australia
Tlingit (United States of America),Critically endangered,300,58.334,-133.7475,1,United States of America
Tol,Critically endangered,300,15.293,-87.1416,1,Honduras
Tsakonian,Critically endangered,300,37.1712,22.7911,1,Greece
Ute (Utah),Severely endangered,300,40.2329,-109.8223,1,United States of America
Vedda,Definitely endangered,300,7.346,81.3935,1,Sri Lanka
Vera'a,Definitely endangered,300,-13.872,167.4323,1,Vanuatu
Warapu,Severely endangered,300,-2.9876,141.9838,1,Papua New Guinea
Waru,Definitely endangered,300,-3.4393,121.9921,1,Indonesia
Yawarana,Severely endangered,300,5.3863,-66.0058,1,Venezuela (Bolivarian Republic of)
Yimas,Severely endangered,300,-4.6038,143.6077,1,Papua New Guinea
Tilapa Otomí,Severely endangered,292,18.8923,-99.2986,1,Mexico
Paumarí,Severely endangered,290,-5.8947,-64.5996,1,Brazil
Wayana (Brazil),Vulnerable,288,1.3182,-55.2612,1,Brazil
Achagua,Severely endangered,283,4.434,-70.8837,1,Colombia
Guajá,Vulnerable,283,-3.4914,-46.2963,1,Brazil
Maniwaki Algonquin,Severely endangered,280,46.3392,-76.0485,1,Canada
Alabama,Definitely endangered,275,30.7158,-94.7028,1,United States of America
Cocopa (Arizona),Severely endangered,275,32.608,-114.6497,1,United States of America
Miltu,Critically endangered,272,10.2149,17.3913,1,Chad
Arara do Pará,Vulnerable,271,-3.7546,-52.976,1,Brazil
Kaki Ae,Vulnerable,266,-7.9653,145.7858,1,Papua New Guinea
Nisga'a,Severely endangered,265,55.2035,-129.07,1,Canada
Bosilewa,Vulnerable,250,-9.449,150.661,1,Papua New Guinea
Caquinte Campa,Definitely endangered,250,-11.146,-73.4765,1,Peru
Gwich'in (Canada),Severely endangered,250,67.4407,-134.8272,1,Canada
Kaibobo,Definitely endangered,250,-3.1843,128.1829,1,Indonesia
Kaiep,Vulnerable,250,-3.6666,143.8166,1,Papua New Guinea
Kaiy,Vulnerable,250,-2.943,138.1777,1,Indonesia
Laji,Critically endangered,250,22.5304,105.885,1,China
Lehali,Vulnerable,250,-13.5205,167.2998,1,Vanuatu
Lillooet,Severely endangered,250,50.3326,-122.6789,1,Canada
Löyöp,Vulnerable,250,-13.5311,167.3368,1,Vanuatu
Nyangumarta,Vulnerable,250,-20.016,120.4101,1,Australia
Pear,Severely endangered,250,12.4666,102.65,1,Cambodia
Ruc,Definitely endangered,250,17.6833,105.7833,2,"Lao People's Democratic Republic, Viet Nam"
Sause,Severely endangered,250,-3.1706,139.7515,1,Indonesia
Texistepecan,Severely endangered,250,17.8941,-94.8163,1,Mexico
Winnebago (Nebraska),Severely endangered,250,42.2475,-96.4722,1,United States of America
Winnebago (Wisconsin),Severely endangered,250,44.2986,-90.8508,1,United States of America
Zapotec of San Bartolo Yautepec,Severely endangered,246,16.4333,-95.9666,1,Mexico
North Alaskan Inupiaq (Canada),Severely endangered,240,68.3217,-133.532,1,Canada
Waiwai (Guyana),Vulnerable,240,1.5598,-58.5131,1,Guyana
As,Vulnerable,230,-0.736,131.7727,1,Indonesia
Siglitun,Severely endangered,230,69.4386,-132.9998,1,Canada
K'iche' (Mexico),Definitely endangered,226,19.3482,-90.7177,1,Mexico
Paipai,Severely endangered,226,29.65,-115.1333,1,Mexico
Garuwahi,Definitely endangered,225,-10.2284,150.4083,1,Papua New Guinea
Picuris,Vulnerable,225,36.1914,-105.7151,1,United States of America
Neku,Severely endangered,221,-21.5169,165.4568,1,New Caledonia (France)
Tiri,Definitely endangered,221,-21.6141,165.7836,1,New Caledonia (France)
Danisi,Critically endangered,220,-19.4769,25.2136,1,Botswana
Emplawas,Definitely endangered,220,-8.0374,129.7375,1,Indonesia
Musom,Definitely endangered,219,-6.5391,146.9119,1,Papua New Guinea
Pwaamèi,Definitely endangered,219,-20.8767,164.7413,1,New Caledonia (France)
Karo,Vulnerable,208,-10.5749,-61.5893,1,Brazil
Cocopa (Mexico),Definitely endangered,206,32.25,-115.25,1,Mexico
Korúbo,Vulnerable,205,-5.8346,-70.9277,1,Brazil
Aja,Critically endangered,200,8.6136,25.2465,1,Sudan
Antakirinya,Definitely endangered,200,-26.7848,134.2968,1,Australia
Bana,Severely endangered,200,20.4836,100.3161,1,Lao People's Democratic Republic
Baras,Severely endangered,200,-1.8838,119.3774,1,Indonesia
Batak,Definitely endangered,200,10.1081,119,1,Philippines
Birri,Critically endangered,200,5.4902,26.8505,1,Central African Republic
Bonggo,Severely endangered,200,-2.2461,139.5208,1,Indonesia
Central Siberian Yupik (Chukotka),Severely endangered,200,64.546,-173.128,1,Russian Federation
Che Wong,Definitely endangered,200,3.6271,102.1907,1,Malaysia
Defaka,Critically endangered,200,4.538,7.5311,1,Nigeria
Doga,Definitely endangered,200,-9.6278,149.8384,1,Papua New Guinea
Dorig,Definitely endangered,200,-14.3236,167.5669,1,Vanuatu
Emae,Vulnerable,200,-17.0567,168.3956,1,Vanuatu
Erokwanas,Vulnerable,200,-2.8113,132.6708,1,Indonesia
Gowro,Severely endangered,200,35.0254,72.9341,1,Pakistan
Hayu,Critically endangered,200,27.2912,86.0696,1,Nepal
Hidatsa,Definitely endangered,200,47.7321,-102.6758,1,United States of America
Ingrian,Severely endangered,200,59.7397,28.7017,1,Russian Federation
Iwaidja,Vulnerable,200,-11.4592,132.55,1,Australia
Kadai,Definitely endangered,200,-1.7465,125.2606,1,Indonesia
Kao,Definitely endangered,200,1.1479,127.8204,1,Indonesia
Karo,Critically endangered,200,5.2003,36.0681,1,Ethiopia
Kelo,Critically endangered,200,9.4463,34.0219,1,Sudan
Kokota,Vulnerable,200,-8.0347,159.1781,1,Solomon Islands
Koneraw,Vulnerable,200,-8.3854,137.9415,1,Indonesia
Koroshi,Critically endangered,200,29.8978,52.6574,1,Iran (Islamic Republic of)
Magori,Vulnerable,200,-10.2554,149.2108,1,Papua New Guinea
Maung,Vulnerable,200,-11.913,133.7255,1,Australia
Mehináku,Vulnerable,200,-12.5423,-53.2403,1,Brazil
Moghol,Critically endangered,200,34.3569,61.5875,1,Afghanistan
Ningalami,Severely endangered,200,35.2355,71.51,1,Afghanistan
Northern Alta,Severely endangered,200,15.7162,121.4085,1,Philippines
Numbani,Vulnerable,200,-7.5177,147.2991,1,Papua New Guinea
Ongamo,Critically endangered,200,-2.932,37.4853,1,Kenya
Orejón,Severely endangered,200,-2.7674,-72.9492,1,Peru
Pacific Gulf Yupik,Severely endangered,200,58.1938,-155.6542,1,United States of America
Pipil,Critically endangered,200,13.722,-89.7195,1,El Salvador
Saisiyat,Severely endangered,200,24.5977,121.0762,1,China
Sauk-Fox,Critically endangered,200,41.9637,-92.5768,1,United States of America
Sepa,Vulnerable,200,-4.3245,144.9755,1,Papua New Guinea
Shark Bay,Vulnerable,200,-15.2987,167.1459,1,Vanuatu
Southern Chocho,Severely endangered,200,17.6608,-97.335,1,Mexico
Töitschu,Severely endangered,200,45.6913,7.8682,1,Italy
|Xaise,Critically endangered,200,-21.2458,26.1776,1,Botswana
Beaver,Definitely endangered,195,56.481,-121.8831,1,Canada
Nootka,Severely endangered,185,49.2818,-126.0627,1,Canada
Tipai (Mexico),Severely endangered,184,32,-116.1166,1,Mexico
Uru-eu-au-au,Vulnerable,183,-11.6852,-63.6547,1,Brazil
Eastern Chocho,Severely endangered,181,17.7223,-97.3213,1,Mexico
Bahonsuai,Definitely endangered,180,-2.2186,121.6845,1,Indonesia
Bedoanas,Vulnerable,180,-2.7263,132.5582,1,Indonesia
Jarawára,Vulnerable,180,-7.2153,-65.0115,1,Brazil
Keder,Severely endangered,180,-2.043,139.0979,1,Indonesia
Straits Salish,Severely endangered,180,48.4457,-123.4205,2,"Canada, United States of America"
Zo'é,Vulnerable,177,0.7909,-57.1289,1,Brazil
Central Ojibwe,Definitely endangered,175,50.2275,-86.9635,1,Canada
Kuurinji,Definitely endangered,175,-18.1047,129.8474,1,Australia
Mwatebu,Definitely endangered,166,-10.0202,151.0537,1,Papua New Guinea
Zazao,Critically endangered,166,-8.1832,159.2269,1,Solomon Islands
Pije,Severely endangered,161,-20.7869,164.9487,1,New Caledonia (France)
Aweti,Vulnerable,160,-12.2053,-53.3705,1,Brazil
Koro,Definitely endangered,160,-14.3242,167.4728,1,Vanuatu
Meriam Mir,Definitely endangered,160,-9.9201,144.0472,1,Australia
Onjab,Vulnerable,160,-9.2973,149.1613,1,Papua New Guinea
Tsimshian,Critically endangered,160,54.5016,-130.3832,1,Canada
Chihuahua Lower Pima,Definitely endangered,159,28.686,-106.1378,1,Mexico
Kaska,Severely endangered,155,61.9751,-132.4544,1,Canada
Aikana,Definitely endangered,150,-12.651,-60.3918,1,Brazil
Aleut (Eastern),Critically endangered,150,54.7212,-164.4433,1,United States of America
Aleut (Western),Severely endangered,150,52.2304,-174.1978,1,United States of America
Amblong,Definitely endangered,150,-15.4933,166.9846,1,Vanuatu
Arguni,Vulnerable,150,-2.6632,132.5418,1,Indonesia
Assiniboine (United States of America),Critically endangered,150,48.4466,-114.8783,1,United States of America
Baki,Vulnerable,150,-16.7013,168.145,1,Vanuatu
Cacua,Severely endangered,150,0.9166,-69.5,1,Colombia
Camarines Norte Agta,Severely endangered,150,14.0135,122.8873,1,Philippines
Cubeo (Brazil),Definitely endangered,150,1.2713,-67.8076,1,Brazil
Gwich'in (United States of America),Severely endangered,150,68.1171,-145.5173,1,United States of America
Hiw,Definitely endangered,150,-13.1343,166.5671,1,Vanuatu
Katxuyana-Xikuyána,Vulnerable,150,2.043,-55.4589,1,Brazil
Ket,Severely endangered,150,62.6236,87.7148,1,Russian Federation
Koyukon,Critically endangered,150,66.3375,-151.1608,1,United States of America
Malmariv,Vulnerable,150,-15.2656,166.9104,1,Vanuatu
Mt. Iraya Agta,Definitely endangered,150,13.459,123.5467,1,Philippines
Ocaina (Peru),Critically endangered,150,-2.8552,-71.9824,1,Peru
Papapana,Definitely endangered,150,-5.8974,155.2505,1,Papua New Guinea
Quechan,Definitely endangered,150,32.7279,-114.7255,1,United States of America
Southern Ayta,Critically endangered,150,13.027,124.1549,1,Philippines
Tundra Yukagir,Critically endangered,150,69.1654,154.4732,1,Russian Federation
Tupari,Definitely endangered,150,-12.0876,-62.4792,1,Brazil
Wari,Definitely endangered,150,-3.2173,138.4497,1,Indonesia
Yavapai,Severely endangered,150,34.5638,-112.4453,1,United States of America
Mlabri,Definitely endangered,149,18.4796,101.0961,2,"Lao People's Democratic Republic, Thailand"
Negidal,Critically endangered,147,52.942,139.779,1,Russian Federation
Suarmin,Definitely endangered,145,-5.0526,141.9818,1,Papua New Guinea
Kickapoo (Mexico),Critically endangered,144,28,-101.75,1,Mexico
Wab,Vulnerable,142,-5.6296,146.39,1,Papua New Guinea
Motocintlec,Critically endangered,141,15.3709,-92.2484,1,Mexico
Dengalu,Definitely endangered,140,-7.0572,146.3598,1,Papua New Guinea
Dimbong,Critically endangered,140,4.7078,10.6567,1,Cameroon
Kunbarlang,Severely endangered,140,-12.0661,134.0661,1,Australia
Machineri (Bolivia),Severely endangered,140,-11.146,-69.0161,1,Bolivia (Plurinational State of)
Taworta,Vulnerable,140,-3.2776,138.7902,1,Indonesia
ǂHoa,Critically endangered,140,-24.1668,24.4885,1,Botswana
Handuri,Critically endangered,138,31.0011,77.3107,1,India
Suruahá,Vulnerable,136,-6.8828,-66.9726,1,Brazil
Kutenai,Severely endangered,135,49.6467,-115.7372,2,"Canada, United States of America"
Nauna,Vulnerable,130,-2.2159,148.1986,1,Papua New Guinea
Okanagan,Definitely endangered,130,50.3059,-119.3228,2,"Canada, United States of America"
Piu,Definitely endangered,130,-6.9591,146.4257,1,Papua New Guinea
Ocaina (Colombia),Severely endangered,126,-2,-71.5,1,Colombia
Yuki,Severely endangered,125,-16.2463,-65.0061,1,Bolivia (Plurinational State of)
Asurini do Xingu,Vulnerable,124,-3.9095,-52.4707,1,Brazil
Nahukwa,Definitely endangered,124,-12.1043,-53.2944,1,Brazil
Aputai,Critically endangered,120,-7.6511,126.4086,1,Indonesia
Budibud,Vulnerable,120,-9.2973,153.6891,1,Papua New Guinea
Capanahua,Severely endangered,120,-6.5991,-74.2895,1,Peru
Dâw,Vulnerable,120,0.2197,-68.7744,1,Brazil
Ili Turk,Severely endangered,120,44.0244,81.145,1,China
Lamu,Critically endangered,120,26.2434,100.8654,1,China
Obokuitai,Vulnerable,120,-2.9046,138.0816,1,Indonesia
Polonomombauk,Definitely endangered,120,-15.4907,167.0814,1,Vanuatu
Samre,Critically endangered,120,12.1166,103.0833,1,Cambodia
Tutuba,Definitely endangered,120,-15.5727,167.275,1,Vanuatu
Northern Tutchone,Definitely endangered,115,62.8255,-136.5838,1,Canada
Dubu,Vulnerable,110,-3.5134,140.8612,1,Indonesia
Haisla,Critically endangered,110,53.9745,-128.6443,1,Canada
Heiltsuk,Critically endangered,105,52.1591,-128.1546,1,Canada
Kwegu,Critically endangered,103,5.4191,36.0791,1,Ethiopia
Adnyamathanha,Definitely endangered,100,-30.6,138.6035,1,Australia
Ainbai,Severely endangered,100,-3.1,141.2,1,Papua New Guinea
Arem,Severely endangered,100,18.1771,105.3369,2,"Lao People's Democratic Republic, Viet Nam"
Banawá Yafi,Vulnerable,100,-6.6427,-64.5996,1,Brazil
Bara (Colombia),Critically endangered,100,0.05,-70.1733,1,Colombia
Bikaru,Severely endangered,100,-4.8,143,1,Papua New Guinea
Boor,Critically endangered,100,10.2149,17.3721,1,Chad
Burate,Severely endangered,100,-2.7811,135.9915,1,Indonesia
Callahuaya,Critically endangered,100,-15.1357,-69.1699,1,Bolivia (Plurinational State of)
Comanche,Severely endangered,100,34.6086,-98.3904,1,United States of America
Djinang,Definitely endangered,100,-12.3507,135.1098,1,Australia
Dulbu,Critically endangered,100,9.985,10.0579,1,Nigeria
Ghomara,Critically endangered,100,35.0108,-5.5151,1,Morocco
Itelmen,Critically endangered,100,57.1496,156.9012,1,Russian Federation
Jebero,Critically endangered,100,-5.3097,-75.9814,1,Peru
Jilbe,Critically endangered,100,11.749,14.5458,1,Nigeria
Kalamo,Severely endangered,100,-6.7,142.5,1,Papua New Guinea
Kanowit,Severely endangered,100,2.0652,112.1489,1,Malaysia
Karas,Severely endangered,100,-3.4585,132.6599,1,Indonesia
Kiong,Critically endangered,100,5.2906,8.3523,1,Nigeria
Kofei,Severely endangered,100,-2.3833,136.7907,1,Indonesia
Likum,Definitely endangered,100,-2.1651,146.6921,1,Papua New Guinea
Maricopa,Severely endangered,100,33.3772,-112.1676,1,United States of America
Mohave (Arizona),Severely endangered,100,34.0231,-114.5045,1,United States of America
Mohave (California),Severely endangered,100,34.6905,-114.598,1,United States of America
Molo,Critically endangered,100,10.898,34.2773,1,Sudan
Mvanip,Critically endangered,100,6.7027,11.2225,1,Nigeria
Nafi,Severely endangered,100,-6.3999,146.802,1,Papua New Guinea
Ninam (Venezuela),Vulnerable,100,4.5435,-63.5668,1,Venezuela (Bolivarian Republic of)
Omagua (Peru),Critically endangered,100,-4.0724,-73.103,1,Peru
Oroch,Critically endangered,100,49.1781,139.7625,1,Russian Federation
Oroha,Severely endangered,100,-9.7686,161.51,1,Solomon Islands
Pauwi,Vulnerable,100,-1.8151,137.8193,1,Indonesia
Piame,Severely endangered,100,-4.9,142.85,1,Papua New Guinea
Pyu,Severely endangered,100,-4.5,140.9,1,Indonesia
Ruga,Critically endangered,100,25.2844,90.4614,1,India
Sahaptin,Severely endangered,100,44.7712,-121.2871,1,United States of America
Samatao,Critically endangered,100,24.9359,102.7935,1,China
Seneca (United States of America),Severely endangered,100,42.3291,-78.868,1,United States of America
Senggi,Vulnerable,100,-3.4339,140.7685,1,Indonesia
Shawnee,Severely endangered,100,35.359,-96.9298,1,United States of America
Shiwiar,Severely endangered,100,-2.2186,-76.8164,1,Ecuador
Shompen,Critically endangered,100,7.0245,93.8232,1,India
Soo,Critically endangered,100,2.161,34.5986,1,Uganda
Tangam,Critically endangered,100,29.1473,94.5538,1,India
Tariana (Brazil),Critically endangered,100,0.9228,-67.5439,1,Brazil
Tirahi,Critically endangered,100,34.3139,70.3729,1,Afghanistan
"Ute (Colorado, Southern Ute)",Severely endangered,100,37.115,-107.6331,1,United States of America
Vehes,Severely endangered,100,-6.9427,146.9311,1,Papua New Guinea
Wik Ngathan,Definitely endangered,100,-14.9561,141.8884,1,Australia
Xokleng,Critically endangered,100,-26.5522,-49.0779,1,Brazil
Yangkam,Critically endangered,100,9.1048,9.8904,1,Nigeria
Yarawata,Severely endangered,98,-4.9377,145.4946,1,Papua New Guinea
O'odham (Mexico),Definitely endangered,94,31.5188,-112.7472,1,Mexico
Samosa,Severely endangered,94,-5.0116,145.5386,1,Papua New Guinea
Mindiri,Severely endangered,93,-5.5517,146.1538,1,Papua New Guinea
Usu,Severely endangered,93,-5.2851,145.4974,1,Papua New Guinea
Iteri,Severely endangered,90,-4.0807,141.5039,1,Papua New Guinea
Ngarinyin,Definitely endangered,90,-16.9096,125.4199,1,Australia
Repanbitip,Definitely endangered,90,-16.3155,167.6026,1,Vanuatu
Tofanma,Vulnerable,90,-3.5675,140.7925,1,Indonesia
Taiap,Severely endangered,89,-4.1,144.5,1,Papua New Guinea
Kusunda,Critically endangered,87,27.9275,84.2866,1,Nepal
Patamona (Brazil),Vulnerable,87,4.5216,-60.3808,1,Brazil
Xiri,Critically endangered,87,-31.3924,21.0498,1,South Africa
Narau,Severely endangered,85,-3.3818,139.8202,1,Indonesia
Ak,Severely endangered,83,-3.6093,141.6604,1,Papua New Guinea
Araona,Severely endangered,81,-12.4473,-68.1372,1,Bolivia (Plurinational State of)
Ari,Severely endangered,80,-8,142.4,1,Papua New Guinea
Assiniboine (Canada),Critically endangered,80,50.3536,-103.4841,1,Canada
Dorro,Severely endangered,80,-9.1834,141.8994,1,Papua New Guinea
Gong,Severely endangered,80,15.088,99.523,1,Thailand
Itik,Vulnerable,80,-2.3181,139.148,1,Indonesia
Mari,Severely endangered,80,-9.0478,141.8994,1,Papua New Guinea
Pwapwa,Severely endangered,80,-20.8074,164.5367,1,New Caledonia (France)
Somm,Definitely endangered,80,-6.1296,146.4642,1,Papua New Guinea
Tobati,Severely endangered,80,-2.6059,140.7997,1,Indonesia
Moré,Critically endangered,76,-12.0822,-64.9731,1,Bolivia (Plurinational State of)
Mores,Severely endangered,75,-15.3583,166.8988,1,Vanuatu
Musan,Severely endangered,75,-4.0355,141.361,1,Papua New Guinea
Papi,Severely endangered,75,-4.5,142,1,Papua New Guinea
Sarcee,Critically endangered,75,50.9682,-114.3851,1,Canada
Sekani,Critically endangered,75,58.0952,-122.7067,1,Canada
Arawun,Severely endangered,73,-5.5093,145.8929,1,Papua New Guinea
Siriano (Brazil),Vulnerable,71,0.5244,-67.5,1,Brazil
Teko,Severely endangered,71,15.6582,-92.1427,1,Mexico
Anus,Severely endangered,70,-2.1268,139.5126,1,Indonesia
Awera,Vulnerable,70,-2.7084,136.0395,1,Indonesia
Doutai,Severely endangered,70,-3.2282,138.2189,1,Indonesia
East Cape Yupik,Critically endangered,70,66.0166,-169.7166,1,Russian Federation
Iresim,Severely endangered,70,-3.6011,135.1428,1,Indonesia
Mafea,Definitely endangered,70,-15.4219,167.2366,1,Vanuatu
Vilamovian,Severely endangered,70,49.7909,18.762,1,Poland
Yankunytjatjara,Definitely endangered,70,-27.3132,132.0666,1,Australia
Yanyuwa,Severely endangered,70,-15.9613,136.3842,1,Australia
Yapunda,Severely endangered,69,-3.5,142.4,1,Papua New Guinea
Bothar,Severely endangered,68,-9.0695,141.155,1,Papua New Guinea
Kari'ña (Brazil),Definitely endangered,66,4.0067,-51.6027,1,Brazil
Ritharrngu,Definitely endangered,66,-13.1543,134.8242,1,Australia
Northern Straits Salish,Critically endangered,65,48.488,-122.6363,1,United States of America
Sumariup,Severely endangered,65,-4.7,143.3,1,Papua New Guinea
Orok,Critically endangered,64,52.3437,143.0557,1,Russian Federation
Carapana (Brazil),Severely endangered,63,-3.0966,-65.061,1,Brazil
Yan-nhangu,Definitely endangered,61,-12.094,134.89,1,Australia
Atemble,Definitely endangered,60,-5.1292,144.7421,1,Papua New Guinea
Bagupi,Definitely endangered,60,-5.0454,145.5822,1,Papua New Guinea
Carapana (Colombia),Definitely endangered,60,0.9337,-70.8178,1,Colombia
Gooniyandi,Severely endangered,60,-18.8335,125.9912,1,Australia
Gurrgoni,Vulnerable,60,-12.1037,134.3408,1,Australia
Kija,Severely endangered,60,-18.0832,128.1884,1,Australia
Montana Salish,Critically endangered,60,47.5944,-114.1182,1,United States of America
Ngangikurunggurr,Severely endangered,60,-14.6792,130.3967,1,Australia
Senaya,Critically endangered,60,36.2664,50.0042,1,Iran (Islamic Republic of)
Tahltan,Critically endangered,60,57.8451,-129.9745,1,Canada
Tembé,Severely endangered,60,-2.6467,-46.7248,1,Brazil
Mosimo,Severely endangered,58,-4.9473,145.5551,1,Papua New Guinea
Tapayuna,Severely endangered,58,-10.5559,-53.0639,1,Brazil
Bepour,Severely endangered,57,-4.586,145.4184,1,Papua New Guinea
Faita,Severely endangered,57,-5.657,145.5001,1,Papua New Guinea
Teribe (Costa Rica),Critically endangered,57,9.0593,-83.2876,1,Costa Rica
Kiliwa,Critically endangered,56,31.25,-115.6166,1,Mexico
Moere,Severely endangered,56,-4.6038,145.437,1,Papua New Guinea
Baure,Critically endangered,55,-13.1008,-64.5007,1,Bolivia (Plurinational State of)
Southern Haida,Critically endangered,55,53.2697,-131.9861,1,Canada
Tlingit (Canada),Critically endangered,55,60.171,-132.7395,1,Canada
Upper Tanana (United States of America),Critically endangered,55,62.6867,-141.2182,1,United States of America
Zapotec of Asunción Tlacolulita,Critically endangered,53,16.3,-95.7166,1,Mexico
Trumai,Critically endangered,51,-11.8807,-53.6009,1,Brazil
Arabela,Severely endangered,50,-1.5818,-75.3881,1,Peru
Arha,Critically endangered,50,-21.3047,165.0146,1,New Caledonia (France)
Banjima,Severely endangered,50,-22.289,119.3774,1,Australia
Bella Coola,Critically endangered,50,52.3823,-126.7255,1,Canada
Budong-Budong,Critically endangered,50,-2.0601,119.3074,1,Indonesia
Bulgebi,Definitely endangered,50,-5.7485,146.4532,1,Papua New Guinea
Chiquitano (Brazil),Critically endangered,50,-17.4345,-58.0627,1,Brazil
Forest Yukagir,Critically endangered,50,65.4936,151.0757,1,Russian Federation
Gorovu,Severely endangered,50,-4.5,144.6,1,Papua New Guinea
Karaim (Lithuania),Severely endangered,50,54.642,24.9499,1,Lithuania
Kasong,Critically endangered,50,12.564,102.529,2,"Cambodia, Thailand"
Kayupulau,Critically endangered,50,-2.5464,140.725,1,Indonesia
Lolak,Critically endangered,50,0.8569,124.0081,1,Indonesia
Maku'a,Critically endangered,50,-8.4017,127.2271,1,Timor-Leste
Makurap,Severely endangered,50,-12.1682,-63.0285,1,Brazil
Miriwoong,Critically endangered,50,-16.7631,128.9025,1,Australia
Moraori,Severely endangered,50,-8.7113,140.7128,1,Indonesia
Nakkara,Severely endangered,50,-12.1145,134.5825,1,Australia
Ngarinman,Severely endangered,50,-16.6782,129.7485,1,Australia
Norfolk-Pitcairn (Pitcairn),Vulnerable,50,-24.3721,-128.3203,1,Pitcairn  (U.K.)
Omaha-Ponca,Critically endangered,50,42.0817,-96.4855,1,United States of America
Omotik,Critically endangered,50,-1.115,35.9143,1,Kenya
Onge,Critically endangered,50,10.639,92.4938,1,India
Patua,Critically endangered,50,22.1632,113.5464,1,China
Paulohi,Critically endangered,50,-3.2721,128.757,1,Indonesia
Potawatomi (Kansas),Critically endangered,50,39.3251,-95.8495,1,United States of America
Potawatomi (Michigan),Critically endangered,50,45.0269,-84.1992,1,United States of America
Potawatomi (Oklahoma),Critically endangered,50,35.3135,-96.9255,1,United States of America
Potawatomi (Wisconsin),Critically endangered,50,45.5601,-88.83,1,United States of America
Salas,Severely endangered,50,-3.135,130.5505,1,Indonesia
Samray,Critically endangered,50,13.685,101.5931,2,"Cambodia, Thailand"
Sapé,Critically endangered,50,5.0033,-63.5449,1,Venezuela (Bolivarian Republic of)
Sentilese,Critically endangered,50,11.5446,92.2576,1,India
Sian,Severely endangered,50,2.3854,114.3354,1,Malaysia
Tambotalo,Severely endangered,50,-15.4655,167.1027,1,Vanuatu
Tanacross,Critically endangered,50,64.2159,-145.9643,1,United States of America
Tanaina,Severely endangered,50,63.3422,-148.8647,1,United States of America
Tanimbili,Severely endangered,50,-11.2935,166.5211,1,Solomon Islands
Warumungu,Severely endangered,50,-19.5183,133.9453,1,Australia
Zapotec of San Felipe Tejalapan,Critically endangered,50,17.1099,-96.8539,1,Mexico
Tench,Critically endangered,49,-1.6394,150.6939,1,Papua New Guinea
Mudburra,Severely endangered,48,-16.9727,131.77,1,Australia
Nunggubuyu,Severely endangered,44,-13.8807,135.725,1,Australia
Dumun,Critically endangered,42,-5.5421,146.0906,1,Papua New Guinea
Kudu-Camo,Critically endangered,42,11.0166,8.8879,1,Nigeria
Asumboa,Severely endangered,40,-11.2982,166.4868,1,Solomon Islands
Bunuba,Severely endangered,40,-17.8951,125.7495,1,Australia
Chamacoco,Critically endangered,40,-23.0595,-55.6127,2,"Brazil, Paraguay"
Garrwa,Severely endangered,40,-17.1197,137.6806,1,Australia
Gumbaynggirr,Critically endangered,40,-30.3349,152.8198,1,Australia
Maremgi,Definitely endangered,40,-2.2571,139.5455,1,Indonesia
Mono (Western),Critically endangered,40,37.0943,-119.4999,1,United States of America
Southern Tutchone,Critically endangered,40,60.7796,-137.4983,1,Canada
Tipai (United States of America),Severely endangered,40,32.6049,-116.4678,1,United States of America
Tofa,Critically endangered,40,53.7324,98.2589,1,Russian Federation
Udege,Critically endangered,40,47.6209,136.0903,1,Russian Federation
Yoki,Severely endangered,40,-1.5893,137.9127,1,Indonesia
Noy,Critically endangered,36,8.9312,17.8829,1,Chad
Chulym Turk,Critically endangered,35,57.3354,88.1542,1,Russian Federation
Kapori,Critically endangered,35,-3.4,139.7,1,Indonesia
Menominee,Critically endangered,35,44.9356,-88.6144,1,United States of America
Quechua of Pacaraos,Critically endangered,35,-11.2538,-76.8054,1,Peru
Turaka,Critically endangered,35,-9.796,149.447,1,Papua New Guinea
Barasana (Brazil),Severely endangered,34,0.7909,-68.6425,1,Brazil
Bilakura,Critically endangered,34,-4.9404,145.5303,1,Papua New Guinea
Macuna (Brazil),Vulnerable,32,1.1395,-67.7636,1,Brazil
Jarawa,Critically endangered,31,12.6028,92.752,1,India
Kowaki,Critically endangered,31,-4.6079,145.4067,1,Papua New Guinea
Mawak,Critically endangered,31,-4.5819,145.3079,1,Papua New Guinea
Alabat Island Agta,Critically endangered,30,14.1209,122.0282,1,Philippines
Amahai,Critically endangered,30,-3.3352,128.9314,1,Indonesia
Bardi,Severely endangered,30,-16.9307,122.871,1,Australia
Cahuilla,Critically endangered,30,33.5404,-116.7436,1,United States of America
Cambap,Critically endangered,30,6.4872,11.802,1,Cameroon
Carijona,Critically endangered,30,-1.2743,-70.1147,1,Colombia
Chintaw,Critically endangered,30,24.9263,98.2414,1,China
Comox/Sliammon,Critically endangered,30,49.6795,-124.9542,1,Canada
Djeoromitxi,Severely endangered,30,-12.05,-64.6655,1,Brazil
Duriankere,Critically endangered,30,-1.3896,130.9247,1,Indonesia
Goundo,Critically endangered,30,9.4761,16.2652,1,Chad
Kwerisa,Critically endangered,30,-2.9759,138.153,1,Indonesia
Mono (Eastern),Critically endangered,30,37.3674,-118.3953,1,United States of America
Ngalkbun,Severely endangered,30,-13.5178,134.6264,1,Australia
Punan Batu,Critically endangered,30,2.6021,114,1,Malaysia
Sia Pedee,Critically endangered,30,0.9887,-79.1674,1,Ecuador
Valley Yokuts,Severely endangered,30,36.0582,-119.5241,1,United States of America
Warnman,Severely endangered,30,-22.9786,122.7832,1,Australia
Wik Ngencherr,Severely endangered,30,-14.0939,141.8554,1,Australia
Wiradjuri,Critically endangered,30,-34.5608,147.041,1,Australia
Malinaltepec Tlapanec,Vulnerable,29,17.2451,-98.6717,1,Mexico
Ahtna,Critically endangered,25,62.7547,-144.3164,1,United States of America
Bieria,Critically endangered,25,-16.8045,168.2446,1,Vanuatu
Caddo,Critically endangered,25,35.0985,-98.2603,1,United States of America
Columbian,Critically endangered,25,48.1764,-119.0523,1,United States of America
Iquito,Critically endangered,25,-3.6449,-74.1577,1,Peru
Kwazá,Critically endangered,25,-12.651,-60.4138,1,Brazil
Marrithiyel,Critically endangered,25,-13.806,130.0451,1,Australia
Massep,Critically endangered,25,-1.7575,138.3178,1,Indonesia
Mor,Severely endangered,25,-2.8607,132.7697,1,Indonesia
Pisamira,Critically endangered,25,1.0656,-70.4388,1,Colombia
Sakurabiat,Severely endangered,25,-12.967,-61.2652,1,Brazil
Upper Kuskokwim,Critically endangered,25,63.0091,-154.3889,1,United States of America
Zumaya,Critically endangered,25,10.5323,14.3591,1,Cameroon
Kashaya,Critically endangered,24,38.6603,-123.3045,1,United States of America
Kavalan,Critically endangered,24,24.7393,121.6996,1,China
Wardaman,Severely endangered,24,-14.9925,131.9293,1,Australia
Washo,Severely endangered,24,38.9226,-119.7256,1,United States of America
Kuku Yalanji,Severely endangered,23,-15.8148,144.9316,1,Australia
Sām,Severely endangered,23,27.3595,86.9979,1,Nepal
Alawa,Critically endangered,22,-16.4676,134.0771,1,Australia
Tobian,Critically endangered,22,2.9594,131.8084,1,Palau
Bara (Brazil),Vulnerable,21,0.3515,-68.9721,1,Brazil
Ixcatec,Critically endangered,21,17.8493,-97.181,1,Mexico
Añu,Critically endangered,20,11.022,-71.7352,1,Venezuela (Bolivarian Republic of)
Barzani Jewish Neo-Aramaic (Israel),Critically endangered,20,31.7888,35.1947,1,Israel
Bom,Severely endangered,20,7.3188,-11.9915,1,Sierra Leone
Bundjalung,Severely endangered,20,-28.9998,152.9077,1,Australia
Chung (Cambodia),Critically endangered,20,10.6875,103.8084,1,Cambodia
Dusner,Critically endangered,20,-2.7139,134.3888,1,Indonesia
Forest Enets,Critically endangered,20,68.6836,86.2727,1,Russian Federation
Hermit,Critically endangered,20,-2.0869,146.9311,1,Papua New Guinea
Jawoyn,Severely endangered,20,-14.2004,132.55,1,Australia
Kamasa,Critically endangered,20,-6.95,146.2,1,Papua New Guinea
Kanakanabu,Critically endangered,20,23.1463,120.6782,1,China
Kembra,Critically endangered,20,-3.908,140.3942,1,Indonesia
Kilen,Critically endangered,20,47.4689,133.8574,2,"China, Russian Federation"
Kim,Critically endangered,20,7.2425,-11.9476,1,Sierra Leone
Koko Bera,Severely endangered,20,-15.6865,141.5917,1,Australia
Kulina Páno,Severely endangered,20,-5.6597,-71.5429,1,Brazil
Leco,Critically endangered,20,-15.586,-67.9064,1,Bolivia (Plurinational State of)
Loun,Critically endangered,20,-2.8717,128.8366,1,Indonesia
Mander,Critically endangered,20,-2.4341,138.7284,1,Indonesia
Mangarla,Critically endangered,20,-20.159,122.6513,1,Australia
Maringarr,Critically endangered,20,-14.1525,129.6166,1,Australia
Nataoran,Critically endangered,20,24.0088,121.5898,1,China
Nez Perce,Critically endangered,20,46.4347,-116.8268,1,United States of America
Nisvai,Critically endangered,20,-16.4492,167.7117,1,Vanuatu
Nyamal,Severely endangered,20,-21.4019,119.3225,1,Australia
Nyikina,Severely endangered,20,-18.2613,124.6179,1,Australia
Panamint,Critically endangered,20,36.4555,-116.8666,1,United States of America
Pite Saami,Critically endangered,20,66.0447,17.8857,2,"Norway, Sweden"
Qawasqar,Critically endangered,20,-49.6391,-74.3554,1,Chile
Red Gelao (Viet Nam),Critically endangered,20,23.1666,105.25,1,Viet Nam
Somyev,Critically endangered,20,6.9318,11.5136,2,"Cameroon, Nigeria"
Ume Saami,Critically endangered,20,65.1091,18.2153,1,Sweden
Usku,Critically endangered,20,-3.5449,140.7499,1,Indonesia
Vote,Critically endangered,20,59.5858,28.4518,1,Russian Federation
Wajarri,Severely endangered,20,-26.8841,116.6748,1,Australia
Wambaya,Critically endangered,20,-17.7696,134.923,1,Australia
Warekena (Brazil),Critically endangered,20,0.7909,-68.3789,1,Brazil
White Gelao (Viet Nam),Severely endangered,20,23.2,105.3333,1,Viet Nam
Uruak,Critically endangered,19,3.9957,-63.5888,1,Venezuela (Bolivarian Republic of)
Pacahuara,Critically endangered,18,-11.4369,-65.6762,1,Bolivia (Plurinational State of)
Ririo,Critically endangered,18,-6.91,156.9671,1,Solomon Islands
Ava-Canoeiro,Critically endangered,16,-14.0847,-48.0418,1,Brazil
Ainu (Hokkaido),Critically endangered,15,43.2612,142.8222,1,Japan
Jaminjung,Severely endangered,15,-15.2417,130.5725,1,Australia
Mwesen,Critically endangered,15,-13.874,167.5415,1,Vanuatu
Sechelt,Critically endangered,15,50.0846,-123.7437,1,Canada
Tanana,Critically endangered,15,64.605,-149.0625,1,United States of America
Ingalik,Critically endangered,14,62.1655,-156.3134,1,United States of America
Jingulu,Severely endangered,14,-17.3716,134.187,1,Australia
Zapotec of Mixtepe,Critically endangered,14,16.2666,-96.3666,1,Mexico
Woria,Critically endangered,13,-2.4011,136.4886,1,Indonesia
Aruá,Severely endangered,12,-12.0285,-64.7094,1,Brazil
Han (United States of America),Critically endangered,12,64.7837,-141.2172,1,United States of America
Hupa,Critically endangered,12,41.7624,-123.7028,1,United States of America
Karuk,Severely endangered,12,41.7929,-123.3763,1,United States of America
Makah,Critically endangered,12,48.3658,-124.6118,1,United States of America
Ngaliwuru,Critically endangered,12,-15.5595,131.0614,1,Australia
Ofayé,Critically endangered,12,-21.361,-52.0532,1,Brazil
Umpila,Severely endangered,12,-13.0366,143.3386,1,Australia
Yurok,Critically endangered,12,41.0607,-124.1413,1,United States of America
Kinikinau,Critically endangered,11,-21.0685,-56.2765,1,Brazil
Wagiman,Severely endangered,11,-14.1845,131.6546,1,Australia
Achumawi,Critically endangered,10,40.8816,-122.6715,1,United States of America
Arho,Critically endangered,10,-21.274,165.0503,1,New Caledonia (France)
Arikara,Critically endangered,10,47.648,-101.8327,1,United States of America
Ayizi,Critically endangered,10,24.5964,103.7329,1,China
Ch'orti' (Honduras),Critically endangered,10,14.9364,-88.865,1,Honduras
Chung (Thailand),Critically endangered,10,14.4897,99.1661,1,Thailand
Copper Island Aleut,Critically endangered,10,54.7753,167.5662,1,Russian Federation
Gros Ventre,Critically endangered,10,48.4824,-108.7639,1,United States of America
Gweno,Critically endangered,10,-3.7135,37.6501,1,United Republic of Tanzania
Hoti,Critically endangered,10,-3.0143,130.3692,1,Indonesia
Hulung,Critically endangered,10,-2.8614,128.5606,1,Indonesia
Ibu,Critically endangered,10,1.5269,127.5265,1,Indonesia
Iranxe,Critically endangered,10,-12.6939,-57.843,1,Brazil
Kamarian,Critically endangered,10,-3.4366,128.5345,1,Indonesia
Karajarri,Critically endangered,10,-19.0205,122.3437,1,Australia
Karipuna,Definitely endangered,10,-10.2284,-64.5556,1,Brazil
Katawixi,Critically endangered,10,-8.8416,-66.0937,1,Brazil
Kawaiisu,Critically endangered,10,35.0589,-118.4026,1,United States of America
Krenak,Critically endangered,10,-19.1937,-41.1527,1,Brazil
Kurrama,Critically endangered,10,-21.6383,117.9711,1,Australia
Lardil,Critically endangered,10,-16.5526,139.3176,1,Australia
Lorediakarkar,Critically endangered,10,-15.1967,167.0498,1,Vanuatu
Madngele,Critically endangered,10,-13.3789,130.5395,1,Australia
Malak Malak,Critically endangered,10,-13.7713,130.6384,1,Australia
Manchu (Amur),Critically endangered,10,49.7666,127.5,1,China
Manchu (Nonni),Critically endangered,10,48.0083,124.3542,1,China
Mandan,Critically endangered,10,47.5165,-102.2461,1,United States of America
Marrisyefin,Critically endangered,10,-13.934,129.8254,1,Australia
Massalat,Critically endangered,10,12.7635,20.5993,1,Chad
Matipu,Critically endangered,10,-12.2366,-53.1875,1,Brazil
Mawayana (Brazil),Critically endangered,10,-0.9447,-58.2495,2,"Brazil, Suriname"
Munsee (Canada),Critically endangered,10,42.57,-81.879,1,Canada
Ngardi,Critically endangered,10,-20.6327,128.5839,1,Australia
Ngbinda,Critically endangered,10,4.6092,27.0812,1,Democratic Republic of the Congo
Northern Paiute (Idaho),Critically endangered,10,43.0439,-112.4566,1,United States of America
Nusa Laut,Critically endangered,10,-3.6833,128.8,1,Indonesia
Oneida (Wisconsin),Critically endangered,10,44.5158,-88.0075,1,United States of America
Onondaga (New York),Critically endangered,10,43.047,-76.1422,1,United States of America
Osage,Critically endangered,10,36.6683,-96.3316,1,United States of America
Parintintin,Critically endangered,10,-6.5773,-61.7871,1,Brazil
Pawnee,Critically endangered,10,36.3372,-96.8032,1,United States of America
Puari,Critically endangered,10,-2.8689,141.6577,1,Papua New Guinea
Rembarrnga,Critically endangered,10,-13.3896,133.6706,1,Australia
Sene,Critically endangered,10,-6.3753,147.7825,1,Papua New Guinea
Susuami,Critically endangered,10,-7.2044,146.5493,1,Papua New Guinea
Taap,Critically endangered,10,-6.146,146.3955,1,Papua New Guinea
Ter Saami,Critically endangered,10,68.0638,38.7063,1,Russian Federation
Thao,Critically endangered,10,23.8808,120.9206,1,China
Tule-Kaweah Yokuts,Critically endangered,10,36.0269,-118.7213,1,United States of America
Tundra Enets,Critically endangered,10,71.6973,83.5839,1,Russian Federation
Wichita,Critically endangered,10,35.0647,-98.2788,1,United States of America
Xambioá,Critically endangered,10,-7.1717,-49.1583,1,Brazil
Yawalapiti,Critically endangered,10,-12.1702,-53.3365,1,Brazil
Yiiji,Critically endangered,10,-15.8458,127.6281,1,Australia
Arára Shawãdáwa,Critically endangered,9,-8.581,-72.29,1,Brazil
Kuuku Ya'u,Critically endangered,9,-12.0185,142.8112,1,Australia
Ngandi,Critically endangered,9,-13.6459,135.2087,1,Australia
Ngarluma,Critically endangered,9,-21.1664,117.3339,1,Australia
Zaparo,Critically endangered,9,-2.2186,-76.5087,2,"Ecuador, Peru"
Ongota,Critically endangered,8,5.3207,37.2244,1,Ethiopia
Ajuru,Severely endangered,8,-12.0178,-64.7534,1,Brazil
Araki,Critically endangered,8,-15.6322,166.9413,1,Vanuatu
Busuu,Critically endangered,8,6.8282,10.1087,1,Cameroon
Chamicuro,Critically endangered,8,-5.5285,-75.5969,1,Peru
Dumi,Critically endangered,8,27.3095,86.7521,1,Nepal
Kayardild,Critically endangered,8,-17.1197,139.4604,1,Australia
Munichi,Critically endangered,8,-5.8182,-76.1846,1,Peru
N|uu,Critically endangered,8,-28.5169,21.4453,1,South Africa
Xetá,Critically endangered,8,-23.2867,-53.3935,1,Brazil
Kiksht,Critically endangered,7,44.2708,-121.2871,1,United States of America
Makolkol,Critically endangered,7,-4.8994,151.6827,1,Papua New Guinea
Anambé,Critically endangered,6,-2.7674,-49.2297,1,Brazil
Arabana,Critically endangered,6,-28.6134,135.8349,1,Australia
Ipai,Critically endangered,6,32.9359,-116.868,1,United States of America
Karaim (Western Ukraine),Critically endangered,6,50.7538,25.3351,1,Ukraine
Kings River Yokuts,Critically endangered,6,36.9104,-118.9261,1,United States of America
Korana,Critically endangered,6,-26.9352,24.1254,1,South Africa
Mangarrayi,Critically endangered,6,-14.8067,133.8793,1,Australia
Northern Sierra Miwok,Critically endangered,6,38.4008,-120.5351,1,United States of America
Abaga,Critically endangered,5,-6.1883,145.5976,1,Papua New Guinea
"Aleut (Western, Commander Islands)",Critically endangered,5,55.171,166.094,1,Russian Federation
Aqaw Gelao,Critically endangered,5,28.7447,106.0714,1,China
Central Selkup,Critically endangered,5,59.8903,82.0129,1,Russian Federation
Cocama-Cocamilla (Brazil),Critically endangered,5,-1.8043,-66.5332,1,Brazil
Dyirbal,Critically endangered,5,-18.0205,145.4809,1,Australia
Gamilaraay,Critically endangered,5,-29.7929,149.7106,1,Australia
Great andamanese,Critically endangered,5,12.2326,92.9031,1,India
Guató,Critically endangered,5,-17.644,-57.6562,1,Brazil
Holikachuk,Critically endangered,5,64.2254,-155.3027,1,United States of America
Isarog Agta,Critically endangered,5,13.6805,123.3805,1,Philippines
Itonama,Critically endangered,5,-13.6246,-63.5668,1,Bolivia (Plurinational State of)
Juma,Critically endangered,5,-7.4496,-63.8195,1,Brazil
Kalispel,Critically endangered,5,48.2549,-117.2174,1,United States of America
Kanoê,Critically endangered,5,-13.1222,-61.051,1,Brazil
Liki,Critically endangered,5,-1.6202,138.738,1,Indonesia
Luiseño,Critically endangered,5,33.4622,-117.1269,1,United States of America
Lushootseed,Critically endangered,5,47.6074,-122.5681,1,United States of America
Mansim,Critically endangered,5,-0.9008,134.0441,1,Indonesia
Naman,Critically endangered,5,-16.1216,167.4337,1,Vanuatu
Nasarian,Critically endangered,5,-16.3517,167.4659,1,Vanuatu
Ndai,Critically endangered,5,8.399,14.1641,1,Cameroon
Ngalakan,Critically endangered,5,-14.5729,134.4946,1,Australia
Oro Win,Critically endangered,5,-11.6683,-65.1379,1,Brazil
Resígaro,Critically endangered,5,-2.7674,-71.7187,1,Peru
Southern Selkup,Critically endangered,5,58.6626,85.8581,1,Russian Federation
Vano,Critically endangered,5,-11.6286,166.8383,1,Solomon Islands
Wunambal,Critically endangered,5,-15.6124,125.0024,1,Australia
Yuchi,Critically endangered,5,36.0009,-96.0988,1,United States of America
Bonerif,Critically endangered,4,-2.1088,139.2352,1,Indonesia
Coeur d'Alene,Critically endangered,4,43.3433,-116.8873,1,United States of America
Dharawal,Critically endangered,4,-34.7235,150.5786,1,Australia
Lengilu,Critically endangered,4,3.7327,115.8728,1,Indonesia
Ouma,Critically endangered,4,-10.233,149.1,1,Papua New Guinea
Paakantyi,Critically endangered,4,-31.5598,143.3935,1,Australia
Saponi,Critically endangered,4,-2.4025,136.5037,1,Indonesia
Tanema,Critically endangered,4,-11.6986,166.9111,1,Solomon Islands
Tehuelche,Critically endangered,4,-51.5087,-70.3125,1,Argentina
Totoró,Critically endangered,4,2.504,-76.4016,1,Colombia
Waanyi,Critically endangered,4,-17.7486,138.2739,1,Australia
Worrorra,Critically endangered,4,-16.4887,124.6289,1,Australia
Baldemu,Critically endangered,3,10.5742,14.5623,1,Cameroon
Bung,Critically endangered,3,6.5718,11.8267,1,Cameroon
Canichana,Extinct,3,-14.5835,-64.9731,1,Bolivia (Plurinational State of)
Central Pomo,Critically endangered,3,38.9704,-123.6893,1,United States of America
Central Sierra Miwok,Critically endangered,3,37.962,-120.2384,1,United States of America
Chemehuevi,Critically endangered,3,34.0138,-114.2146,1,United States of America
Kiowa Apache,Critically endangered,3,35.1018,-98.6033,1,United States of America
Konkow,Critically endangered,3,39.467,-121.5155,1,United States of America
Lake Miwok,Critically endangered,3,38.6426,-122.3849,1,United States of America
Mabiri,Critically endangered,3,12.1682,18.7275,1,Chad
Mescalero-Chiricahua Apache (Oklahoma),Critically endangered,3,34.8986,-98.3589,1,United States of America
Northern Pomo,Critically endangered,3,39.4143,-123.3502,1,United States of America
Sabanê,Critically endangered,3,-12.5277,-59.6859,1,Brazil
Southern Pomo,Critically endangered,3,38.7048,-122.8971,1,United States of America
Southern Sierra Miwok,Critically endangered,3,37.6148,-119.789,1,United States of America
Tubatulabal,Critically endangered,3,35.6444,-118.5183,1,United States of America
Tuscarora (United States of America),Critically endangered,3,43.0877,-79.0627,1,United States of America
Andoa (Peru),Critically endangered,2,-2.6796,-76.2011,1,Peru
Arikapu,Critically endangered,2,-12.0527,-64.7259,1,Brazil
Aurê-Aurá,Critically endangered,2,-2.9649,-46.2084,1,Brazil
Baré (Brazil),Critically endangered,2,0.4394,-68.2031,1,Brazil
Cayuvava,Critically endangered,2,-12.7903,-65.3247,1,Bolivia (Plurinational State of)
Gajerrong,Critically endangered,2,-15.222,128.6059,1,Australia
Ganggalidda,Critically endangered,2,-17.1001,138.3618,1,Australia
Klallam,Critically endangered,2,47.8475,-122.585,1,United States of America
Kunjen,Critically endangered,2,-16.1316,142.207,1,Australia
Kuruáya,Critically endangered,2,-5.0033,-53.9208,1,Brazil
Lemerig,Critically endangered,2,-13.7473,167.4096,1,Vanuatu
Luri,Critically endangered,2,9.9255,9.5965,1,Nigeria
Maidu,Critically endangered,2,40.4134,-120.6738,1,United States of America
Oneida (New York),Critically endangered,2,43.0778,-75.6622,1,United States of America
Poyanawa,Critically endangered,2,-7.6238,-73.2568,1,Brazil
Puruborá,Critically endangered,2,-12.3292,-64.2919,1,Brazil
Salamãy,Critically endangered,2,-8.7602,-63.9074,1,Brazil
Spokane,Critically endangered,2,47.9286,-118.0165,1,United States of America
Tharkarri,Critically endangered,2,-24.148,114.6533,1,Australia
Vacacocha,Critically endangered,2,-2.0869,-74.5092,1,Peru
Wangaaybuwan,Critically endangered,2,-31.1093,144.9975,1,Australia
Xipáya,Critically endangered,2,-4.3902,-53.9648,1,Brazil
Apiaká,Critically endangered,1,-11.1519,-57.3113,1,Brazil
Bikya,Critically endangered,1,6.8309,10.0277,1,Cameroon
Bishuo,Critically endangered,1,6.9032,10.0991,1,Cameroon
Diahói,Critically endangered,1,-7.9939,-62.1936,1,Brazil
Laua,Critically endangered,1,-10.1824,149.2053,1,Papua New Guinea
Patwin,Critically endangered,1,38.7608,-122.0354,1,United States of America
Pazeh,Critically endangered,1,24.2469,120.7727,1,China
Pémono,Critically endangered,1,5.6487,-65.8081,1,Venezuela (Bolivarian Republic of)
Taushiro,Critically endangered,1,-3.2502,-75.8935,1,Peru
Tinigua,Critically endangered,1,2.3833,-73.6413,1,Colombia
Tolowa,Critically endangered,1,41.9566,-124.1915,1,United States of America
Uru,Extinct,1,-16.5519,-68.6645,1,Bolivia (Plurinational State of)
Volow,Critically endangered,1,-13.6433,167.7159,1,Vanuatu
Wintu-Nomlaki,Critically endangered,1,39.8637,-122.0822,1,United States of America
Yahgan,Critically endangered,1,-55.0028,-67.4615,1,Chile
Yarawi,Critically endangered,1,-7.9001,147.6411,1,Papua New Guinea
!Gan!ne,Extinct,0,-31.3911,26.6748,1,South Africa
Aasax,Extinct,0,-5.1948,37.738,1,United Republic of Tanzania
Ahom,Extinct,0,26.5393,92.5378,1,India
Ainu (Kuril),Extinct,0,46.8882,152.0068,1,Russian Federation
Ainu (Sakhalin),Extinct,0,47.3983,142.2949,1,Russian Federation
Akkala Saami,Extinct,0,67.5809,31.668,1,Russian Federation
Amanayé,Extinct,0,-3.7327,-49.1088,1,Brazil
Andoa (Ecuador),Extinct,0,-2.3341,-76.5016,1,Ecuador
Antoniano,Extinct,0,35.9717,-121.1757,1,United States of America
Aore,Extinct,0,-15.5767,167.1638,1,Vanuatu
Arapaho (Oklahoma),Extinct,0,35.602,-97.9712,1,United States of America
Arapáso,Extinct,0,0,-66,1,Brazil
Aribwatsa,Extinct,0,-6.6523,147.2291,1,Papua New Guinea
Arman,Extinct,0,59.6732,150.1391,1,Russian Federation
Arta,Extinct,0,16.4225,121.7042,1,Philippines
Atacameño,Extinct,0,-22.7559,-68.247,3,"Argentina, Bolivia (Plurinational State of), Chile"
Atsugewi,Extinct,0,40.8824,-122.6661,1,United States of America
Babuza,Extinct,0,24.01,120.623,1,China
Baga Mboteni,Critically endangered,0,10.7415,-14.5513,1,Guinea
Barbareño,Extinct,0,34.4227,-119.7039,1,United States of America
Barzani Jewish Neo-Aramaic (Iraq),Extinct,0,36.2619,43.9892,1,Iraq
Basay,Extinct,0,25.1378,121.6543,1,China
Baygo,Extinct,0,11.7436,24.6423,1,Sudan
Berakou,Extinct,0,12.8492,15.032,1,Chad
Berti,Extinct,0,14.6898,25.9524,1,Sudan
Bina,Extinct,0,-10.2365,149.6063,1,Papua New Guinea
Birgid,Extinct,0,14.8598,25.0103,1,Sudan
Cacaopera,Extinct,0,13.4109,-87.8741,1,Nicaragua
Cape Khoekhoe,Extinct,0,-34.4522,19.7314,1,South Africa
Cappadocian Greek (Turkey),Extinct,0,38.048,32.6953,1,Turkey
Catawba,Extinct,0,34.9361,-81.0272,1,United States of America
Cayuga (Oklahoma),Extinct,0,36.6302,-94.6441,1,United States of America
Cayuse,Extinct,0,44.9647,-118.5424,1,United States of America
Central Kalapuyan,Extinct,0,43.8,-123.06,1,United States of America
Cholon,Extinct,0,-8.8633,-76.1791,1,Peru
Coptic,Extinct,0,26.8915,29.0959,1,Egypt
Cowlitz,Extinct,0,46.132,-122.8642,1,United States of America
Cupeño,Extinct,0,33.364,-117.0756,1,United States of America
Dalmatian,Extinct,0,45.0599,14.5719,1,Croatia
Deti,Extinct,0,-20.9614,24.461,1,Botswana
Dharug,Critically endangered,0,-34.0344,150.9301,1,Australia
Dhurga,Critically endangered,0,-35.4964,150.249,1,Australia
Dicamay Agta,Extinct,0,16.6998,122.0167,1,Philippines
Dororo,Extinct,0,-8.2169,157.3901,1,Solomon Islands
Duli,Extinct,0,9.3813,13.5708,1,Cameroon
Dura,Extinct,0,28.2898,84.4519,1,Nepal
Eastern Abenaki,Extinct,0,44.9423,-68.7328,1,United States of America
Eastern Pomo,Extinct,0,39.0461,-122.9211,1,United States of America
Eel River Athabaskan,Extinct,0,40.188,-123.6477,1,United States of America
Eliri,Severely endangered,0,4.5706,30.858,1,Sudan
Elmolo,Extinct,0,2.7212,36.7326,1,Kenya
Eotile,Extinct,0,5.2495,-3.3233,1,Côte d'Ivoire
Eyak,Extinct,0,60.2165,-143.3935,1,United States of America
Gaagudju,Extinct,0,-12.2755,132.6379,1,Australia
Gafat,Extinct,0,10.6768,35.8264,1,Ethiopia
Garífuna (Nicaragua),Critically endangered,0,12.5666,-83.7166,1,Nicaragua
Ge'ez,Extinct,0,8.9936,38.7597,1,Ethiopia
Getmata,Extinct,0,-5.8346,149.0405,1,Papua New Guinea
Gey,Extinct,0,9.384,13.5296,1,Cameroon
Gule,Extinct,0,10.0986,34.1235,1,Sudan
Guliguli,Extinct,0,-8.2114,157.4615,1,Solomon Islands
Gününa Küne,Extinct,0,-43.4848,-68.1591,1,Argentina
Hanis,Extinct,0,43.406,-124.2402,1,United States of America
Hoanya,Extinct,0,23.5665,120.3826,1,China
Homa,Extinct,0,5.5011,27.3779,1,Sudan
Horo,Extinct,0,9.239,18.3444,1,Chad
Hpun,Extinct,0,24.65,97.0666,1,Myanmar
Huitoto (Brazil),Extinct,0,-2.3723,-66.0937,1,Brazil
Hukumina,Extinct,0,-3.1514,126.2713,1,Indonesia
Huron-Wyandot (United States of America),Extinct,0,36.7923,-94.7229,1,United States of America
Ifo,Extinct,0,-18.6605,169.1434,1,Vanuatu
Ineseño,Extinct,0,34.5942,-120.1371,1,United States of America
Island Carib,Extinct,0,15.4325,-61.2817,1,Dominica
Island Chumash,Extinct,0,34.3821,-119.4574,1,United States of America
Jorá,Critically endangered,0,-14.0246,-63.3581,1,Bolivia (Plurinational State of)
Judeo-Berber (Morocco),Extinct,0,30.822,-6.8005,1,Morocco
Kamas,Extinct,0,57.9964,92.8784,1,Russian Federation
Kamas Turk,Extinct,0,58.109,92.7101,1,Russian Federation
Kaniet,Extinct,0,-0.898,145.5441,1,Papua New Guinea
Kansa,Extinct,0,36.7657,-96.8652,1,United States of America
Karaim (Crimea),Extinct,0,45.058,33.9477,1,Ukraine
Karami,Extinct,0,-7.1335,143.8659,1,Papua New Guinea
Karelian (Valday),Extinct,0,58.0284,33.3215,1,Russian Federation
Katabaga,Extinct,0,13.4366,122.5569,1,Philippines
Kato,Extinct,0,39.677,-123.4944,1,United States of America
Kayeli,Extinct,0,-3.39,127.1008,1,Indonesia
Kazukuru,Extinct,0,-8.1598,157.4629,1,Solomon Islands
Kerek,Extinct,0,62.5996,176.9183,1,Russian Federation
Ketangalan,Extinct,0,25.0433,121.4813,1,China
Klamath-Modoc,Extinct,0,42.5767,-121.8637,1,United States of America
Konomihu,Extinct,0,41.2583,-123.3216,1,United States of America
Krenjê,Extinct,0,-2.5644,-46.6589,1,Brazil
Kulun,Extinct,0,24.9823,121.3591,1,China
Kurtjar,Extinct,0,-18.0623,140.4052,1,Australia
Kw'adza,Extinct,0,-5.3753,35.8621,1,United Republic of Tanzania
Kwadi,Extinct,0,-15.2523,12.2277,1,Angola
Laghu,Extinct,0,-7.6157,158.7359,1,Solomon Islands
Lenca,Extinct,0,13.6459,-87.0996,2,"El Salvador, Honduras"
Li-Ngbee,Extinct,0,2.4931,28.059,1,Democratic Republic of the Congo
Liliali,Extinct,0,-3.39,127.1008,1,Indonesia
Lipan,Extinct,0,33.1513,-105.799,1,United States of America
Lishan Didan (Iran),Extinct,0,37.9615,44.6044,1,Iran (Islamic Republic of)
Lishana Deni (Iraq),Extinct,0,36.9279,42.5115,1,Iraq
Lishanid Noshan (Iraq),Extinct,0,36.1777,44.165,1,Iraq
Lower Chehalis,Extinct,0,46.3227,-123.9724,1,United States of America
Mapia,Extinct,0,0.8321,134.3023,1,Indonesia
Maragus,Extinct,0,-16.0405,167.2778,1,Vanuatu
Marrgu,Extinct,0,-11.3292,132.0227,1,Australia
Matagalpa,Extinct,0,12.9517,-85.4381,1,Nicaragua
Mattole,Extinct,0,39.1375,-123.6931,1,United States of America
Miami-Illinois,Extinct,0,36.8866,-94.8775,1,United States of America
Migueleño,Extinct,0,35.7587,-120.6951,1,United States of America
Miraña (Brazil),Critically endangered,0,-2.021,-65.6982,1,Brazil
Mirití Tapuia,Critically endangered,0,0.3076,-69.1699,1,Brazil
Mlahso (Syria),Extinct,0,37.0542,41.2363,1,Syrian Arab Republic
Mlahso (Turkey),Extinct,0,38.4595,40.6507,1,Turkey
Moksela,Extinct,0,-3.4654,127.1694,1,Indonesia
Molala,Extinct,0,44.8636,-122.4645,1,United States of America
Mulaha,Extinct,0,-9.7002,147.4351,1,Papua New Guinea
Múra,Extinct,0,-3.3598,-59.2382,1,Brazil
Nagumi,Extinct,0,8.6814,13.1835,1,Cameroon
Naka'ela,Extinct,0,-2.847,128.5208,1,Indonesia
Natchez,Extinct,0,31.5544,-91.3875,1,United States of America
New River Shasta,Extinct,0,45.2835,-121.7134,1,United States of America
Ngarla,Extinct,0,-20.5916,119.0917,1,Australia
Ngong,Extinct,0,9.0044,13.5104,1,Cameroon
Nila (Nila Island),Extinct,0,-6.7331,129.5288,1,Indonesia
Nisenan,Extinct,0,38.7654,-121.0064,1,United States of America
Nooksack,Extinct,0,49.0378,-122.4865,1,United States of America
Northeastern Pomo,Extinct,0,39.3774,-122.5454,1,United States of America
Nukiní,Extinct,0,-7.4931,-73.4765,1,Brazil
Nupbikha,Vulnerable,0,27.3937,90.5003,1,Bhutan
Nyang'i,Extinct,0,3.5024,33.3764,1,Uganda
Obispeño,Extinct,0,35.2692,-120.6707,1,United States of America
Odut,Extinct,0,5.3077,8.2672,1,Nigeria
Old Sirenik,Extinct,0,64.4194,-173.9657,1,Russian Federation
Omagua (Brazil),Critically endangered,0,-3.5572,-64.5117,1,Brazil
Ona,Extinct,0,-54.6229,-67.4121,1,Argentina
Ongkor Solon,Extinct,0,46.7774,83.0456,1,China
Orang Kanaq,Extinct,0,1.8858,103.9814,1,Malaysia
Palumata,Extinct,0,-3.1569,126.0516,1,Indonesia
Panobo,Extinct,0,-6.97,-74.9267,1,Peru
Papora,Extinct,0,24.2006,120.6037,1,China
Pentlatch,Extinct,0,49.6971,-125.0033,1,Canada
Pijao,Extinct,0,3.9519,-75.0146,1,Colombia
Piru,Extinct,0,-3.05,128.1747,1,Indonesia
Purisimeño,Extinct,0,34.6608,-120.4711,1,United States of America
Quapaw,Extinct,0,36.9494,-94.7877,1,United States of America
Quileute,Extinct,0,47.9083,-124.6365,1,United States of America
Rangkas,Extinct,0,30.0358,80.1342,1,India
Sanhaja of Srair,Critically endangered,0,34.8318,-4.9658,1,Morocco
Sened,Extinct,0,35.5858,10.8984,1,Tunisia
Serrano,Extinct,0,34.1212,-117.2221,1,United States of America
Seru,Extinct,0,1.9195,111.2049,1,Malaysia
Seward Peninsula Inupiaq (Big Diomede Island),Extinct,0,65.7853,-169.0686,1,Russian Federation
Singa,Extinct,0,-0.1373,33.695,1,Uganda
Siraiya,Extinct,0,23.0013,120.3634,1,China
Sishee,Extinct,0,-21.7193,165.6738,1,New Caledonia (France)
Siuslaw,Extinct,0,43.3773,-124.2371,1,United States of America
Slovincian,Extinct,0,54.6484,17.2485,1,Poland
Southeastern Pomo,Extinct,0,39.016,-122.6779,1,United States of America
Southern Khanty,Extinct,0,60.4301,69.9829,1,Russian Federation
Southern Mansi,Extinct,0,58.4362,65.5664,1,Russian Federation
Subtiaba,Extinct,0,12.5266,-86.667,1,Nicaragua
Taman,Extinct,0,25.1651,95.2514,1,Myanmar
Tandia,Extinct,0,-2.8552,134.522,1,Indonesia
Taokas,Extinct,0,24.4471,120.7232,1,China
Te'un (Te'un Island),Extinct,0,-6.9809,129.1394,1,Indonesia
Tetete,Extinct,0,-0.0109,-76.5966,1,Ecuador
Tillamook,Extinct,0,45.3449,-123.5309,1,United States of America
Togoyo,Extinct,0,8.5049,24.7961,1,Sudan
Tonjon,Extinct,0,8.4397,-4.3807,1,Côte d'Ivoire
Torá,Extinct,0,-6.6646,-61.4135,1,Brazil
Tsetsaut,Extinct,0,55.936,-129.9911,1,Canada
Tunica,Extinct,0,31.1262,-92.0673,1,United States of America
Tututni,Extinct,0,42.5756,-124.0688,1,United States of America
Twana,Extinct,0,47.3344,-123.1607,1,United States of America
Ubykh (Caucasus),Extinct,0,43.5585,39.8597,1,Russian Federation
Ubykh (Turkey),Extinct,0,40.0402,28.0096,1,Turkey
Umutina,Extinct,0,-15.0425,-57.1026,1,Brazil
Upper Chehalis,Extinct,0,46.4111,-122.9949,1,United States of America
Uruava,Extinct,0,-5.9821,155.3137,1,Papua New Guinea
Ventureño,Extinct,0,34.2809,-119.2979,1,United States of America
Vilela,Extinct,0,-26.9808,-59.6777,1,Argentina
Wanai,Critically endangered,0,7.1117,-66.7199,1,Venezuela (Bolivarian Republic of)
Wangkumara,Critically endangered,0,-27.2064,142.4597,1,Australia
Wappo,Extinct,0,38.8701,-122.5154,1,United States of America
Western Mansi,Extinct,0,61.1432,62.4023,1,Russian Federation
Wiyot,Extinct,0,40.5984,-124.2519,1,United States of America
Xakriabá,Extinct,0,-14.5306,-44.0438,1,Brazil
Yaaku,Extinct,0,0.4394,37.1777,1,Kenya
Yameo,Extinct,0,-4.4449,-73.5644,1,Peru
Yir Yoront,Extinct,0,-16.3095,141.4489,1,Australia
Yoba,Extinct,0,-10.0337,149.2272,1,Papua New Guinea
Yug,Extinct,0,61.0901,88.1982,1,Russian Federation
Yuki,Extinct,0,37.4336,-118.5908,1,United States of America
Yurutí (Brazil),Extinct,0,-0.1318,-69.1699,1,Brazil
Zeem,Extinct,0,9.8389,9.0911,1,Nigeria
|'Auni,Extinct,0,-26.0105,20.363,1,South Africa
|Xam,Extinct,0,-32.2853,20.759,1,South Africa
ǁKu ǁ'e,Extinct,0,-29.9739,27.0812,1,South Africa
ǁXegwi,Extinct,0,-25.35,30.99,1,South Africa